Ep#,Cannon,Air Date,Arc,Title
1,MANGA CANON,1999-10-20,Romance Dawn,I'm Luffy! The Man Who's Gonna Be King of the Pirates!
2,MANGA CANON,1999-11-17,Romance Dawn,Enter the Great Swordsman! Pirate Hunter Roronoa Zoro!
3,MANGA CANON,1999-11-24,Romance Dawn,Morgan vs. Luffy! Who's the Mysterious Pretty Girl?
4,MANGA CANON,1999-12-08,Orange Town,Luffy's Past! Enter Red-Haired Shanks!
5,MANGA CANON,1999-12-15,Orange Town,"A Terrifying Mysterious Power! Captain Buggy
6,MANGA CANON,1999-12-29,Orange Town,Desperate Situation! Beast Tamer Mohji vs. Luffy!
7,MANGA CANON,1999-12-29,Orange Town,Epic Showdown! Swordsman Zoro vs. Acrobat Cabaji!
8,MANGA CANON,1999-12-29,Orange Town,Who Is the Victor? Devil Fruit Power Showdown!
9,MANGA CANON,2000-01-12,Syrup Village,The Honorable Liar? Captain Usopp!
10,MANGA CANON,2000-01-19,Syrup Village,The Weirdest Guy Ever! Jango the Hypnotist!
11,MANGA CANON,2000-01-26,Syrup Village,"Expose the Plot! Pirate Butler
12,MANGA CANON,2000-02-02,Syrup Village,Clash With the Black Cat Pirates! The Great Battle on the Slope!
13,MANGA CANON,2000-02-09,Syrup Village,The Terrifying Duo! Meowban Brothers vs. Zoro!
14,MANGA CANON,2000-02-16,Syrup Village,Luffy Back in Action! Miss Kaya's Desperate Resistance!
15,MANGA CANON,2000-02-23,Syrup Village,Beat Kuro! Usopp the Man's Tearful Resolve!
16,MANGA CANON,2000-03-01,Syrup Village,Protect Kaya! The Usopp Pirates' Great Efforts!
17,MANGA CANON,2000-03-08,Syrup Village,Anger Explosion! Kuro vs. Luffy! How It Ends!
18,MANGA CANON,2000-03-15,Syrup Village,You're the Weird Creature! Gaimon and His Strange Friends!
19,MANGA CANON,2000-03-22,Baratie,The Three-Sword Style's Past! Zoro and Kuina's Vow!
20,MANGA CANON,2000-04-12,Baratie,Famous Cook! Sanji of the Sea Restaurant!
21,MANGA CANON,2000-04-12,Baratie,Unwelcome Customer! Sanji's Food and Ghin's Debt!
22,MANGA CANON,2000-04-26,Baratie,The Strongest Pirate Fleet! Commodore Don Krieg!
23,MANGA CANON,2000-05-03,Baratie,"Protect Baratie! The Great Pirate
24,MANGA CANON,2000-05-10,Baratie,Hawk-Eye Mihawk! The Great Swordsman Zoro Falls at Sea!
25,MANGA CANON,2000-05-17,Baratie,The Deadly Foot Technique Bursts Forth! Sanji vs. the Invincible Pearl!
26,MANGA CANON,2000-05-24,Baratie,Zeff and Sanji's Dream! The Illusory All Blue!
27,MANGA CANON,2000-05-31,Baratie,"Cool-Headed
28,MANGA CANON,2000-06-07,Baratie,"I Won't Die! Fierce Battle
29,MANGA CANON,2000-06-21,Baratie,The Conclusion of the Deadly Battle! A Spear of Blind Determination!
30,MANGA CANON,2000-06-28,Baratie,Set Sail! The Seafaring Cook Sets off With Luffy!
31,MANGA CANON,2000-07-12,Arlong Park,The Worst Man in the Eastern Seas! Fish-Man Pirate Arlong!
32,MANGA CANON,2000-07-19,Arlong Park,Witch of Cocoyashi Village! Arlong's Female Leader!
33,MANGA CANON,2000-07-19,Arlong Park,Usopp Dead?! When Is Luffy Going To Make Landfall?!
34,MANGA CANON,2000-07-26,Arlong Park,Everyone's Gathered! Usopp Speaks the Truth About Nami!
35,MANGA CANON,2000-08-02,Arlong Park,Untold Past! Female Warrior Bellemere!
36,MANGA CANON,2000-08-09,Arlong Park,Survive! Mother Bellemere and Nami's Bond!
37,MANGA CANON,2000-08-16,Arlong Park,Luffy Rises! Result of the Broken Promise!
38,MANGA CANON,2000-08-23,Arlong Park,Luffy in Big Trouble! Fish-Men vs. the Luffy Pirates!
39,MANGA CANON,2000-08-30,Arlong Park,Luffy Submerged! Zoro vs. Hatchan the Octopus!
40,MANGA CANON,2000-09-06,Arlong Park,Proud Warriors! Sanji and Usopp's Fierce Battles!
41,MANGA CANON,2000-09-13,Arlong Park,Luffy at Full Power! Nami's Determination and the Straw Hat!
42,MANGA CANON,2000-09-27,Arlong Park,Explosion! Fish-Man Arlong's Fierce Assault From the Sea!
43,MANGA CANON,2000-09-27,Arlong Park,End of the Fish-Man Empire! Nami's My Friend!
44,MANGA CANON,2000-10-11,Arlong Park,"Setting Out With a Smile! Farewell
45,MANGA CANON,2000-10-25,Arlong Park,Bounty! Straw Hat Luffy Becomes Known to the World!
46,MIXED,2000-11-01,Buggy Side Story,Chase Straw Hat! Little Buggy's Big Adventure!
47,MIXED,2000-11-08,Buggy Side Story,The Wait Is Over! The Return of Captain Buggy!
48,MANGA CANON,2000-11-22,Loguetown,The Town of the Beginning and the End! Landfall at Loguetown!
49,MANGA CANON,2000-11-22,Loguetown,Kitetsu III and Yubashiri! Zoro's New Swords and the Woman Sergeant Major!
50,MIXED,2000-11-29,Loguetown,Usopp vs. Daddy the Parent! Showdown at High!
51,MIXED,2000-12-06,Loguetown,Fiery Cooking Battle? Sanji vs. the Beautiful Chef!
52,MANGA CANON,2000-12-13,Loguetown,Buggy’s Revenge! The Man Who Smiles on the Execution Platform!
53,MANGA CANON,2001-01-10,Loguetown,The Legend Has Started! Head for the Grand Line!
54,FILLER,2001-01-17,Warship Island,"Precursor to a New Adventure! Apis
55,FILLER,2001-01-24,Warship Island,Miraculous Creature! Apis' Secret and the Legendary Island!
56,FILLER,2001-01-31,Warship Island,Eric Attacks! Great Escape From Warship Island!
57,FILLER,2001-02-07,Warship Island,A Solitary Island in the Distant Sea! The Legendary Lost Island!
58,FILLER,2001-02-21,Warship Island,Showdown in the Ruins! Tense Zoro vs. Eric!
59,FILLER,2001-02-21,Warship Island,"Luffy
60,FILLER,2001-02-28,Warship Island,Through the Sky They Soar! The 1000 Year Legend Lives Again!
61,FILLER,2001-03-07,Warship Island,An Angry Showdown! Cross the Red Line!
62,MANGA CANON,2001-03-21,Reverse Mountain,The First Line of Defense? The Giant Whale Laboon Appears!
63,MANGA CANON,2001-03-21,Reverse Mountain,A Promise Between Men! Luffy and the Whale Vow to Meet Again!
64,MANGA CANON,2001-04-15,Whiskey Peak,A Town That Welcomes Pirates? Setting Foot on Whisky Peak!
65,MANGA CANON,2001-04-15,Whiskey Peak,Explosion! The Three Swords Style! Zoro vs. Baroque Works!
66,MANGA CANON,2001-04-22,Whiskey Peak,"All Out Battle! Luffy vs. Zoro
67,MANGA CANON,2001-04-29,Whiskey Peak,Deliver Princess Vivi! The Luffy Pirates Set Sail!
68,MIXED,2001-05-13,Coby and Helmeppo,"Try Hard
69,MIXED,2001-05-20,Coby and Helmeppo,Coby and Helmeppo's Resolve! Vice-Admiral Garp’s Parental Affection
70,MANGA CANON,2001-05-27,Little Garden,Little Garden
71,MANGA CANON,2001-06-03,Little Garden,Little Garden
72,MANGA CANON,2001-06-17,Little Garden,Little Garden
73,MANGA CANON,2001-06-24,Little Garden,Little Garden
74,MANGA CANON,2001-07-15,Little Garden,Little Garden
75,MANGA CANON,2001-08-12,Little Garden,Little Garden
76,MANGA CANON,2001-08-19,Little Garden,Little Garden
77,MANGA CANON,2001-08-19,Little Garden,Little Garden
78,MANGA CANON,2001-08-26,Drum Island,Nami’s Sick? Beyond the Snow Falling on the Sea!
79,MANGA CANON,2001-09-02,Drum Island,A Raid! The Tin Tyrant and Tin Plate Wapol!
80,MANGA CANON,2001-09-09,Drum Island,An Island Without Doctors? Adventure in a Nameless Land!
81,MANGA CANON,2001-09-16,Drum Island,Are You Happy? The Doctor Called Witch!
82,MANGA CANON,2001-10-07,Drum Island,Dalton’s Resolve! Wapol’s Corps Lands on the Island!
83,MANGA CANON,2001-10-07,Drum Island,The Island Where Snow Lives! Climb the Drum Rockies!
84,MANGA CANON,2001-10-21,Drum Island,Blue-Nosed Reindeer! Chopper’s Secret!
85,MANGA CANON,2001-10-28,Drum Island,An Outcast's Dream! Hiriluk the Quack!
86,MANGA CANON,2001-11-04,Drum Island,Hiriluk’s Cherry Blossoms and the Will That Gets Carried On!
87,MANGA CANON,2001-11-11,Drum Island,Fight Wapol's Crew! The Power of the Munch-Munch Fruit!
88,MANGA CANON,2001-11-18,Drum Island,Zoan-Type Devil Fruit! Chopper’s Seven-Form Transformation!
89,MANGA CANON,2001-11-25,Drum Island,When the Kingdom’s Rule Ends! The Flag of Faith Flies Forever!
90,MANGA CANON,2001-12-02,Drum Island,Hiriluk's Cherry Blossoms! Miracle in the Drum Rockies!
91,MANGA CANON,2001-12-09,Drum Island,Goodbye Drum Island! I’m Going Out to Sea!
92,MANGA CANON,2001-12-09,Alabasta,Alabasta's Hero and a Ballerina on the Ship!
93,MIXED,2001-12-16,Alabasta,Off to the Desert Kingdom! The Rain-Summoning Powder and the Rebel Army!
94,MANGA CANON,2001-12-23,Alabasta,The Heroes' Reunion! His Name Is Fire Fist Ace!
95,MANGA CANON,2002-01-06,Alabasta,Ace and Luffy! Hot Emotions and Brotherly Bonds!
96,MANGA CANON,2002-01-13,Alabasta,Erumalu the City of Green and the Kung Fu Dugongs!
97,MANGA CANON,2002-01-20,Alabasta,Adventure in the Country of Sand! The Monsters That Live in the Scorching Land!
98,FILLER,2002-01-27,Alabasta,Enter the Desert Pirates! The Men Who Live Freely!
99,FILLER,2002-02-03,Alabasta,"False Fortitude! Camu
100,MANGA CANON,2002-02-10,Alabasta,Rebel Warrior Koza! The Dream Vowed to Vivi!
101,MIXED,2002-02-17,Alabasta,Showdown in a Heat Haze! Ace vs. the Gallant Scorpion!
102,FILLER,2002-02-24,Alabasta,"Ruins and Lost Ways! Vivi
103,MANGA CANON,2002-03-03,Alabasta,Spiders Café at 8 O’Clock! The Enemy Leaders Gather!
104,MANGA CANON,2002-03-10,Alabasta,Luffy vs. Vivi! The Tearful Vow To Put Friends on the Line!
105,MANGA CANON,2002-03-17,Alabasta,"The Battlefront of Alabasta! Rainbase
106,MANGA CANON,2002-03-24,Alabasta,The Trap of Certain Defeat! Storming Raindinners!
107,MANGA CANON,2002-04-14,Alabasta,Operation Utopia Commences! The Swell of Rebellion Stirs!
108,MANGA CANON,2002-04-21,Alabasta,The Terrifying Banana Gators and Mr. Prince!
109,MANGA CANON,2002-04-28,Alabasta,The Key to a Great Comeback Escape! The Wax-Wax Ball!
110,MANGA CANON,2002-05-05,Alabasta,Merciless Mortal Combat! Luffy vs. Crocodile!
111,MANGA CANON,2002-05-12,Alabasta,Dash for a Miracle! Alabasta Animal Land!
112,MANGA CANON,2002-05-19,Alabasta,Rebel Army vs. Royal Army! Showdown at Alubarna!
113,MANGA CANON,2002-06-02,Alabasta,Alubarna Grieves! The Fierce Captain Karoo!
114,MANGA CANON,2002-06-09,Alabasta,"Sworn on a Friend's Dream! The Battle of Molehill
115,MANGA CANON,2002-06-16,Alabasta,Big Opening Day Today! The Copy-Copy Montage!
116,MANGA CANON,2002-06-23,Alabasta,Transformed Into Nami! Bon Clay’s Rapid-Fire Ballet Kenpo!
117,MANGA CANON,2002-06-30,Alabasta,Nami's Cyclone Advisory! Clima Takt Burst!
118,MANGA CANON,2002-07-14,Alabasta,Secret Passed Down in the Royal Family! The Ancient Weapon Pluton!
119,MANGA CANON,2002-07-21,Alabasta,Secret of Powerful Swordplay! Ability To Cut Steel and the Rhythm Things Have!
120,MANGA CANON,2002-08-04,Alabasta,The Battle Is Over! Koza Raises the White Flag!
121,MANGA CANON,2002-08-11,Alabasta,Where Vivi's Voice Gets Heard! The Hero Descends!
122,MANGA CANON,2002-08-18,Alabasta,Sand Croc and Water Luffy! The Second Round of the Duel!
123,MANGA CANON,2002-08-25,Alabasta,"That Looks Croc-ish! Luffy
124,MANGA CANON,2002-09-01,Alabasta,The Nightmare Draws Near! This Is the Sand-Sand Clan's Secret Base!
125,MANGA CANON,2002-09-08,Alabasta,"Magnificent Wings! My Name Is Pell
126,MANGA CANON,2002-09-15,Alabasta,I Will Surpass You! Rain Falls in Alabasta!
127,MANGA CANON,2002-10-06,Alabasta,A Farewell to Arms! Pirates and Different Ideas of Justice!
128,MANGA CANON,2002-10-06,Alabasta,The Pirates’ Banquet and Operation Escape From Alabasta!
129,MANGA CANON,2002-10-20,Alabasta,It All Started on That Day! Vivi Tells the Story of Her Adventure!
130,MANGA CANON,2002-10-27,Alabasta,Scent of Danger! The Seventh Member Is Nico Robin!
131,FILLER,2002-11-03,Post-Alabasta,The First Patient! The Untold Story of the Rumble Ball!
132,FILLER,2002-11-10,Post-Alabasta,Uprising of the Navigator! For the Unyielding Dream!
133,FILLER,2002-11-17,Post-Alabasta,"A Recipe Handed Down! Sanji
134,FILLER,2002-11-24,Post-Alabasta,I Will Make It Bloom! Usopp the Man and the Eight-Foot Shell!
135,FILLER,2002-12-01,Post-Alabasta,"The Fabled Pirate Hunter! Zoro
136,FILLER,2002-12-08,Goat Island,Zenny of the Island of Goats and the Pirate Ship in the Mountains!
137,FILLER,2002-12-15,Goat Island,How's Tricks? The Designs of Zenny the Moneylender!
138,FILLER,2002-12-22,Goat Island,Whereabouts of the Island Treasure! Attack of the Zenny Pirates!
139,FILLER,2003-01-05,Ruluka Island,Legend of the Rainbow Mist! Old Man Henzo of the Luluka Island!
140,FILLER,2003-01-12,Ruluka Island,Residents of the Land of Eternity! The Pumpkin Pirates!
141,FILLER,2003-01-19,Ruluka Island,Thoughts of Home! The Pirate Graveyard of No Escape!
142,FILLER,2003-01-26,Ruluka Island,An Inevitable Melee! Wetton's Schemes and the Rainbow Tower!
143,FILLER,2003-02-02,Ruluka Island,"And so
144,MANGA CANON,2003-02-09,Jaya,"Caught Log! The King of Salvagers
145,MANGA CANON,2003-02-16,Jaya,Monsters Appear! Don't Mess With the Whitebeard Pirates!
146,MANGA CANON,2003-02-23,Jaya,"Quit Dreaming! Mock Town
147,MANGA CANON,2003-03-09,Jaya,Distinguished Pirates! A Man Who Talks of Dreams and the King of Undersea Search!
148,MANGA CANON,2003-03-16,Jaya,Legendary Family! Noland the Liar!
149,MANGA CANON,2003-03-23,Jaya,Steer for the Clouds! Capture the South Bird!
150,MANGA CANON,2003-04-13,Jaya,Dreams Don't Come True?! Bellamy vs. the Saruyama Alliance
151,MANGA CANON,2003-04-20,Jaya,100 Million Man! World's Greatest Power and Pirate Blackbeard
152,MANGA CANON,2003-04-27,Jaya,Take to the Sky! Ride the Knock-up Stream!
153,MANGA CANON,2003-05-04,Skypiea,Sail the White Sea! The Sky Knight and the Gate in the Clouds!
154,MANGA CANON,2003-05-11,Skypiea,"Godland
155,MANGA CANON,2003-05-18,Skypiea,The Forbidden Sacred Ground! The Island Where God Lives and Heaven's Judgment!
156,MANGA CANON,2003-06-08,Skypiea,Already Criminals?! Skypiea's Upholder of the Law!
157,MANGA CANON,2003-06-15,Skypiea,Is Escape Possible?!? God's Challenge Is Set in Motion!
158,MANGA CANON,2003-06-22,Skypiea,A Trap on Lovely Street! The Almighty Eneru!
159,MANGA CANON,2003-07-06,Skypiea,Onward Crow! To the Sacrificial Altar!
160,MANGA CANON,2003-07-13,Skypiea,"10% Survival Rate! Satori
161,MANGA CANON,2003-07-20,Skypiea,The Ordeal of Spheres! Desperate Struggle in the Lost Forest!
162,MANGA CANON,2003-08-03,Skypiea,Chopper in Danger! Former God vs. Priest Shura!
163,MANGA CANON,2003-08-10,Skypiea,Profound Mystery! Ordeal of String and Ordeal of Love?!?
164,MANGA CANON,2003-08-17,Skypiea,Light the Fire of Shandora! Wyper the Warrior!
165,MANGA CANON,2003-08-24,Skypiea,"Jaya
166,MANGA CANON,2003-09-07,Skypiea,"Festival on the Night Before Gold Hunting! Feelings for ""Vearth!"""
167,MANGA CANON,2003-09-21,Skypiea,Enter God Eneru! Farewell to the Survivors!
168,MANGA CANON,2003-10-12,Skypiea,A Giant Snake Bares Its Fangs! The Survival Game Begins!
169,MANGA CANON,2003-10-19,Skypiea,The Deadly Reject! War Demon Wyper's Resolve
170,MANGA CANON,2003-10-19,Skypiea,Fierce Mid-Air Battle! Pirate Zoro vs. Warrior Braham
171,MANGA CANON,2003-10-26,Skypiea,The Roaring Burn Bazooka!! Pirate Luffy vs. War Demon Wyper!
172,MANGA CANON,2003-11-02,Skypiea,The Ordeal of Swamp! Chopper vs. Priest Gedatsu!
173,MANGA CANON,2003-11-09,Skypiea,Unbeatable Powers! Eneru's True Form Is Revealed!
174,MANGA CANON,2003-11-16,Skypiea,A Mystical City! The Grand Ruins of Shandora!
175,MANGA CANON,2003-12-21,Skypiea,"0% Survival Rate! Chopper vs Ohm
176,MANGA CANON,2004-01-11,Skypiea,Climb Giant Jack! Deadly Combat in the Upper Ruins!
177,MANGA CANON,2004-01-18,Skypiea,The Ordeal of Iron! White Barbed Death Match!
178,MANGA CANON,2004-01-25,Skypiea,Bursting Slash! Zoro vs. Ohm!
179,MANGA CANON,2004-02-01,Skypiea,Collapsing Upper Ruins! The Quintet for the Finale!
180,MANGA CANON,2004-02-08,Skypiea,Showdown in the Ancient Ruins! Sky God Eneru's Goal!
181,MANGA CANON,2004-02-15,Skypiea,Ambition Towards the Endless Vearth! The Ark Maxim!
182,MANGA CANON,2004-02-22,Skypiea,They Finally Clash! Pirate Luffy vs. God Eneru!
183,MANGA CANON,2004-02-29,Skypiea,Maxim Surfaces! Deathpiea Is Activated!
184,MANGA CANON,2004-03-07,Skypiea,Luffy Falls! Eneru's Judgment and Nami's Wish!
185,MANGA CANON,2004-03-14,Skypiea,The Two Awaken! On the Front Lines of the Burning Love Rescue!
186,MANGA CANON,2004-03-21,Skypiea,Capriccio for Despair! The Impending Doom of Sky Island!
187,MANGA CANON,2004-03-28,Skypiea,Led by a Bell's Sound! Tale of the Great Warrior and the Explorer!
188,MANGA CANON,2004-03-28,Skypiea,Free From the Spell! The Great Warrior Sheds Tears!
189,MANGA CANON,2004-04-04,Skypiea,Eternal Friends! The Vowed Bell Echoes Across the Mighty Seas!
190,MANGA CANON,2004-04-25,Skypiea,"Angel Island
191,MANGA CANON,2004-05-02,Skypiea,Knock Over Giant Jack! Last Hope for Escape!
192,MANGA CANON,2004-05-09,Skypiea,Miracle on Skypiea! The Love Song Heard in the Clouds!
193,MANGA CANON,2004-05-23,Skypiea,The Battle Ends! Proud Fantasia Echoes Far!
194,MANGA CANON,2004-06-06,Skypiea,I Made It Here! The Yarn the Poneglyphs Spin!
195,MANGA CANON,2004-06-13,Skypiea,Off to the Blue Sea!! A Heartfelt Finale!!
196,FILLER,2004-06-20,G-8,A State of Emergency Is Issued! A Notorious Pirate Ship Has Infiltrated!
197,FILLER,2004-07-04,G-8,Sanji the Cook! Proving His Merit at the Marine Dining Hall!
198,FILLER,2004-07-11,G-8,Captured Zoro! Chopper's Emergency Operations!
199,FILLER,2004-07-18,G-8,The Marine's Dragnet Closes In! The Second Member Captured!
200,FILLER,2004-08-08,G-8,Luffy and Sanji's Daring Rescue Mission!
201,FILLER,2004-09-05,G-8,Enter the Hot-Blooded Special Forces! Battle on the Bridge!
202,FILLER,2004-09-19,G-8,Breaking Through the Siege! The Going Merry Is Recovered!
203,FILLER,2004-09-26,G-8,"The Pirate Ship Disappears! Fortress Battle
204,FILLER,2004-10-03,G-8,The Gold and Waver Recovery Operations!
205,FILLER,2004-10-03,G-8,The One Fell Swoop Plan! Jonathan's Surefire Secret Tactic!
206,FILLER,2004-10-10,G-8,"Farewell
207,MANGA CANON,2004-10-31,Long Ring Long Land,Great Adventure in Long Ring Long Land!
208,MANGA CANON,2004-11-07,Long Ring Long Land,A Davy Back With the Foxy Pirates!
209,MANGA CANON,2004-11-14,Long Ring Long Land,Round 1! One Lap of the Donut Race!
210,MANGA CANON,2004-11-21,Long Ring Long Land,Silver Fox Foxy! The Merciless Interference!
211,MANGA CANON,2004-11-28,Long Ring Long Land,Round 2! Shoot It Into the Groggy Ring!
212,MANGA CANON,2004-12-05,Long Ring Long Land,A Barrage of Red Cards in Groggy Ring!
213,MIXED,2004-12-12,Long Ring Long Land,Round 3! The Round-and-Round Roller Race!
214,MIXED,2004-12-19,Long Ring Long Land,A Seriously Heated Race! Into the Final Round!
215,MIXED,2005-01-09,Long Ring Long Land,Screaming-Hot Bombardment! Pirate Dodgeball!
216,MIXED,2005-01-09,Long Ring Long Land,"Showdown on the Cliff! Red Light
217,MANGA CANON,2005-01-16,Long Ring Long Land,The Captains Square Off! The Final Combat Round!
218,MANGA CANON,2005-01-23,Long Ring Long Land,Full-Blast Slow-Slow Onslaught vs. Invulnerable Luffy!
219,MANGA CANON,2005-01-30,Long Ring Long Land,"Epic
220,FILLER,2005-02-06,Ocean's Dream,Was It Lost? Stolen? Who Are You?
221,FILLER,2005-02-13,Ocean's Dream,A Mysterious Boy With a Horn and Robin's Deduction!
222,FILLER,2005-02-20,Ocean's Dream,"Now
223,FILLER,2005-02-27,Ocean's Dream,Zoro Bares His Fangs! A Savage Animal Stands in the Way!
224,FILLER,2005-03-06,Ocean's Dream,The Last Counterattack by the Memory Thief Who Reveals His True Colors!
225,FILLER,2005-03-13,Foxy's Return,Proud Man! Silver Fox Foxy!
226,FILLER,2005-03-20,Foxy's Return,The Guy Who’s the Closest To Invincible? And the Most Dangerous Man!
227,MANGA CANON,2005-03-27,Water 7,Navy Headquarters Admiral Aokiji! The Ferocity of an Ultimate Powerhouse!
228,MANGA CANON,2005-03-27,Water 7,Duel Between Rubber and Ice! Luffy vs. Aokiji!
229,MANGA CANON,2005-04-17,Water 7,The Dashing Sea Train and the City of Water: Water Seven!
230,MANGA CANON,2005-04-24,Water 7,Adventure in the City on the Water! Head to the Mammoth Shipbuilding Plant!
231,MANGA CANON,2005-05-01,Water 7,The Franky Family and Iceburg!
232,MANGA CANON,2005-05-15,Water 7,Galley-La Company! A Grand Sight: Dock #1!
233,MANGA CANON,2005-05-22,Water 7,Pirate Abduction Incident! A Pirate Ship That Can Only Await Her End!
234,MANGA CANON,2005-06-05,Water 7,Rescuing Our Friend! Raid on the Franky House!
235,MANGA CANON,2005-06-12,Water 7,Big Fight Under the Moon! The Pirate Flag Flutters With Sorrow!
236,MANGA CANON,2005-06-19,Water 7,Luffy vs. Usopp! Collision of Two Men's Pride!
237,MANGA CANON,2005-07-03,Water 7,Severe Shock Hits the City of Water! Iceburg Targeted!
238,MANGA CANON,2005-07-10,Water 7,Gum-Gum Human vs. Fire-Breathing Cyborg!
239,MANGA CANON,2005-07-31,Water 7,The Straw Hat Pirates Are the Culprits? The Protectors of the City of Water!
240,MANGA CANON,2005-08-07,Water 7,Eternal Farewell? Nico Robin: The Woman Who Draws Darkness!
241,MANGA CANON,2005-08-14,Water 7,Capture Robin! The Determination of the Straw Hats!
242,MANGA CANON,2005-08-21,Water 7,Cannon Fire Is the Signal! CP9 Goes Into Action!
243,MANGA CANON,2005-09-04,Water 7,CP9 Takes Off Their Masks! Their Shocking True Faces!
244,MANGA CANON,2005-09-11,Water 7,Secret Bond! Iceburg and Franky!
245,MANGA CANON,2005-09-18,Water 7,"Come Back
246,MANGA CANON,2005-10-23,Water 7,The Straw Hat Pirates Annihilated? The Menace of the Leopard Model!
247,MANGA CANON,2005-10-30,Water 7,The Man Who Is Loved Even by His Ship! Usopp's Tears!
248,MANGA CANON,2005-11-06,Water 7,Franky's Past! The Day the Sea Train First Ran
249,MANGA CANON,2005-11-13,Water 7,Spandam's Scheme! The Day the Sea Train Shook
250,MANGA CANON,2005-11-27,Water 7,The End of the Legendary Man! The Day the Sea Train Cried!
251,MANGA CANON,2005-11-27,Water 7,The Truth Behind Her Betrayal! Robin’s Sorrowful Decision!
252,MANGA CANON,2005-12-04,Water 7,The Steam Whistle Forces Friends Apart! The Sea Train Starts To Run
253,MANGA CANON,2005-12-11,Water 7,Sanji Barges In! Sea Train Battle in the Storm!
254,MANGA CANON,2006-01-22,Water 7,Nami's Soul Cries Out! Straw Hat Luffy Makes a Comeback!
255,MANGA CANON,2006-01-29,Water 7,Another Sea Train? Rocketman Charges Forth!
256,MANGA CANON,2006-02-05,Water 7,Rescue Our Friends! A Bond Among Foes Sworn With Fists!
257,MANGA CANON,2006-02-26,Water 7,Smash the Wave! Luffy and Zoro Use the Strongest Combo!
258,MANGA CANON,2006-03-05,Water 7,A Mysterious Man Appears?! His Name Is Sniperking!
259,MANGA CANON,2006-03-12,Water 7,Showdown Between Cooks! Sanji vs. Ramen Kenpo
260,MANGA CANON,2006-03-19,Water 7,Rooftop Duel! Franky vs. Nero
261,MANGA CANON,2006-04-02,Water 7,Clash! Demon-Slasher Zoro vs. Ship-Slasher T-Bone!
262,MANGA CANON,2006-04-16,Water 7,Scramble Over Robin! A Cunning Plan by Sniperking!!
263,MANGA CANON,2006-04-30,Water 7,The Judicial Island! Full View of Enies Lobby!
264,MANGA CANON,2006-05-21,Enies Lobby,"Landing Operations Start! Charge in
265,MANGA CANON,2006-06-04,Enies Lobby,Luffy Cuts Through! Big Showdown on the Judicial Island!
266,MANGA CANON,2006-06-11,Enies Lobby,Battle Against Giants! Open the Second Gate!
267,MANGA CANON,2006-06-18,Enies Lobby,Find a Way Out! Rocketman Takes Flight!
268,MANGA CANON,2006-06-25,Enies Lobby,Catch up With Luffy! The Straw Hats' All-Out Battle
269,MANGA CANON,2006-06-25,Enies Lobby,Robin Betrayed! The Motive of the World Government!
270,MANGA CANON,2006-07-02,Enies Lobby,Give Robin Back! Luffy vs. Blueno!
271,MANGA CANON,2006-07-09,Enies Lobby,Don’t Stop! Hoist the Counterattack Signal!
272,MANGA CANON,2006-07-23,Enies Lobby,Almost to Luffy! Gather at the Courthouse Plaza!
273,MANGA CANON,2006-07-30,Enies Lobby,Everything Is To Protect My Friends! Second Gear Activated!
274,MANGA CANON,2006-08-06,Enies Lobby,"Give Us Your Answer
275,MANGA CANON,2006-08-13,Enies Lobby,Robin's Past! The Girl Was Called a Devil!
276,MANGA CANON,2006-09-10,Enies Lobby,Fated Mother and Daughter! The Mother's Name Is Olvia!
277,MANGA CANON,2006-09-24,Enies Lobby,The Tragedy of Ohara! The Terror of the Buster Call!
278,MANGA CANON,2006-09-24,Enies Lobby,Say You Want To Live! We Are Your Friends!!
279,FILLER,2006-10-01,Enies Lobby,Jump Towards the Falls! Luffy’s Feelings!
280,FILLER,2006-10-08,Enies Lobby,"The Ways of Men! Zoro's Techniques
281,FILLER,2006-10-15,Enies Lobby,A Bond of Friendship Woven by Tears! Nami's World Map!
282,FILLER,2006-10-22,Enies Lobby,Parting Builds a Man's Character! Sanji and Chopper!
283,FILLER,2006-10-29,Enies Lobby,Everything Is for Her Friends! Robin in the Darkness!
284,MANGA CANON,2006-11-05,Enies Lobby,I'm Not Gonna Hand Over the Blueprints! Franky's Decision!
285,MANGA CANON,2006-11-12,Enies Lobby,Obtain the Five Keys! The Straw Hat Pirates vs. CP9!
286,MANGA CANON,2006-11-19,Enies Lobby,Devil Fruit Powers! Kaku and Jabra Transform!
287,MANGA CANON,2006-11-26,Enies Lobby,I Won't Kick Even if It Costs Me My Life! Sanji's Chivalry!
288,MANGA CANON,2006-12-03,Enies Lobby,Fukurou's Miscalculation! My Cola Is the Water of Life!
289,MANGA CANON,2006-12-10,Enies Lobby,Zoro Busts Out a New Technique! The Sword's Name Is Sniperking?
290,MANGA CANON,2006-12-17,Enies Lobby,Uncontrollable! Chopper's Forbidden Rumble!
291,FILLER,2006-12-24,Enies Lobby,Boss Luffy Returns! Is It a Dream or Reality? Lottery Ruckus!
292,FILLER,2007-01-07,Enies Lobby,A Big Rice Cake Tossing Race at the Castle! Red Nose's Plot!
293,MANGA CANON,2007-01-14,Enies Lobby,Bubble Master Kalifa! The Soap Trap Closes in on Nami!
294,MANGA CANON,2007-01-21,Enies Lobby,Resounding Bad News! The Buster Call Invoked!
295,MANGA CANON,2007-01-28,Enies Lobby,Five Namis? Nami Strikes Back With Mirages!
296,MANGA CANON,2007-02-04,Enies Lobby,Nami's Decision! Fire at the Out-of-Control Chopper!
297,MANGA CANON,2007-02-11,Enies Lobby,Hunter Sanji Makes an Entrance? Elegy for a Lying Wolf!
298,MANGA CANON,2007-02-25,Enies Lobby,Fiery Kicks! Sanji's Full Course of Foot Techniques!
299,MANGA CANON,2007-03-04,Enies Lobby,"Fierce Sword Attacks! Zoro vs. Kaku
300,MANGA CANON,2007-03-11,Enies Lobby,Demon God Zoro! An Incarnation of Asura Born From Fighting Spirit!
301,MANGA CANON,2007-03-18,Enies Lobby,Spandam Frightened! The Hero on the Tower of Law!
302,MANGA CANON,2007-03-25,Enies Lobby,"Robin Freed! Luffy vs. Lucci
303,FILLER,2007-04-01,Enies Lobby,Boss Luffy Is the Culprit? Track Down the Missing Great Cherry Tree!
304,MANGA CANON,2007-04-08,Enies Lobby,I Can't Protect Anyone Unless I Win! Third Gear Activated!
305,MANGA CANON,2007-04-15,Enies Lobby,Shivering Past! Dark Justice and Rob Lucci!
306,MANGA CANON,2007-04-22,Enies Lobby,A Mysterious Mermaid Appears? As Consciousness Fades Away...
307,MANGA CANON,2007-04-29,Enies Lobby,Cannon Fire Sinks the Island! Franky's Lamentation!
308,MANGA CANON,2007-05-06,Enies Lobby,Wait for Luffy! Mortal Combat on the Bridge of Hesitation!
309,MANGA CANON,2007-05-13,Enies Lobby,Fists Full of Emotion! Luffy Unleashes Gatling With All His Might!
310,MANGA CANON,2007-05-20,Enies Lobby,"From the Sea
311,MANGA CANON,2007-05-27,Enies Lobby,Everyone Makes a Great Escape! The Road to Victory Is for the Pirates!
312,MANGA CANON,2007-06-03,Enies Lobby,"Thank You
313,MANGA CANON,2007-06-10,Post-Enies Lobby,Peace Interrupted! A Navy Vice Admiral With a Fist of Love!
314,MANGA CANON,2007-06-17,Post-Enies Lobby,The Strongest Family? Luffy's Father Revealed!
315,MANGA CANON,2007-06-24,Post-Enies Lobby,Its Name Is the New World! The Fate of the Grand Line!
316,MANGA CANON,2007-07-01,Post-Enies Lobby,Shanks Makes a Move! The Linchpin to the Reckless Era!
317,FILLER,2007-07-08,Post-Enies Lobby,The Girl in Search of Her Yagara! Great Search in the City of Water!
318,FILLER,2007-07-15,Post-Enies Lobby,Mothers Are Strong! Zoro's Hectic Household Chores!
319,FILLER,2007-07-22,Post-Enies Lobby,Sanji's Shock! Mysterious Old Man and His Super Yummy Cooking!
320,MANGA CANON,2007-08-19,Post-Enies Lobby,Everyone Finally Has a Bounty! A Pirate Group Worth Over 600 Million!
321,MANGA CANON,2007-08-26,Post-Enies Lobby,The King of Animals That Overlooks the Sea! The Dream Ship Magnificently Completed!
322,MANGA CANON,2007-09-02,Post-Enies Lobby,Goodbye My Dear Underlings! Franky Departs!
323,MANGA CANON,2007-09-09,Post-Enies Lobby,Departing the City of Water! Usopp Mans up and Brings Closure to the Duel!
324,MANGA CANON,2007-09-16,Post-Enies Lobby,Wanted Posters Make It Around the World! Celebrations in Their Hometowns as the Ship Moves Forward!
325,MANGA CANON,2007-09-23,Post-Enies Lobby,The Most Heinous Power! Blackbeard’s Darkness Attacks Ace!
326,FILLER,2007-10-14,Lovely Land,The Mysterious Band of Pirates! Sunny and the Dangerous Trap!
327,FILLER,2007-10-21,Lovely Land,"Sunny in a Pinch! Roar
328,FILLER,2007-10-28,Lovely Land,"The Dream Sinking in the New World! The Disillusioned Pirate
329,FILLER,2007-11-04,Lovely Land,The Assassins Attack! The Great Battle on Ice Begins!
330,FILLER,2007-11-11,Lovely Land,The Straw Hat’s Hard Battles! A Pirate Soul Risking It All for the Flag!
331,FILLER,2007-11-18,Lovely Land,Hot Full Throttle! The Twin’s Magnetic Power Drawing Near!
332,FILLER,2007-11-25,Lovely Land,Mansion of Great Chaos! The Enraged Don and the Captured Crew!
333,FILLER,2007-12-02,Lovely Land,The Return of the Phoenix! The Dream of the Pirate Flag Sworn to a Friend!
334,FILLER,2007-12-09,Lovely Land,The Red Hot Decisive Battle! Luffy vs. the Scorching Don!
335,FILLER,2007-12-16,Lovely Land,Waiting in the New World! Farewell to the Brave Pirates!
336,FILLER,2007-12-23,Lovely Land,Chopperman to the Rescue! Protect the TV Station by the Shore!
337,MANGA CANON,2008-01-06,Thriller Bark,Plunging Into the Devil’s Sea! The Mysterious Skeleton Floating in the Fog!
338,MANGA CANON,2008-01-13,Thriller Bark,The Joy of Seeing People! The Gentleman Skeleton's True Identity!
339,MANGA CANON,2008-01-20,Thriller Bark,One Unnatural Phenomenon After the Next! Disembarking on Thriller Bark!
340,MANGA CANON,2008-01-27,Thriller Bark,The Man Called a Genius! Hogback Makes His Appearance!
341,MANGA CANON,2008-02-03,Thriller Bark,Nami's in a Major Pinch! The Zombie Mansion and the Invisible Man!
342,MANGA CANON,2008-02-10,Thriller Bark,The Zombie's Secret! Hogback's Nightmarish Laboratory!
343,MANGA CANON,2008-02-17,Thriller Bark,His Name Is Moria! The Great Shadow-Seizing Pirate's Trap!
344,MANGA CANON,2008-02-24,Thriller Bark,Feast of the Zombie Song! The Night Raid's Bell Is the Sound of Darkness!
345,MANGA CANON,2008-03-02,Thriller Bark,A Bunch of Animals? Perona's Wonder Garden!
346,MANGA CANON,2008-03-09,Thriller Bark,The Vanishing Straw Hat Crew! A Mysterious Swordsman Appears!
347,MANGA CANON,2008-03-16,Thriller Bark,Chivalry Remains! The Traitorous Zombie Protects Nami
348,MANGA CANON,2008-03-23,Thriller Bark,Appearing From the Sky! That Man Is the Humming Swordsman!
349,MANGA CANON,2008-03-30,Thriller Bark,Luffy’s Emergency Situation! The Ultimate Shadow’s Destination!
350,MANGA CANON,2008-04-20,Thriller Bark,"The Warrior Known as the ""Devil!!"" The Moment of Oars' Revival"
351,MANGA CANON,2008-04-27,Thriller Bark,Awakening After 500 Years!! Oars Opens His Eyes!!
352,MANGA CANON,2008-05-04,Thriller Bark,A Belief Worth Begging To Live For!! Brook Defends His Afro
353,MANGA CANON,2008-05-11,Thriller Bark,A Man's Promise Never Dies!! To the Friend Waiting Under the Distant Sky
354,MIXED,2008-05-18,Thriller Bark,I Swear To Go See Him!! Brook and the Cape of Promise!
355,MANGA CANON,2008-05-25,Thriller Bark,"Food
356,MANGA CANON,2008-06-01,Thriller Bark,Usopp’s the Strongest? Leave Anything Negative to Him!
357,MANGA CANON,2008-06-08,Thriller Bark,The General Zombies Are Down in a Flash!! Oars Feels Like an Adventure!!
358,MANGA CANON,2008-06-15,Thriller Bark,Blazing Knight Sanji!! Kick Down the Fake Wedding
359,MANGA CANON,2008-06-22,Thriller Bark,A Clear-Clear History? Sanji's Stolen Dream
360,MANGA CANON,2008-06-29,Thriller Bark,"Save Me
361,MANGA CANON,2008-07-06,Thriller Bark,"Perona Is Terrified!! Usopp and Untruthful Share the Same ""U"""
362,MANGA CANON,2008-07-13,Thriller Bark,Slashes Dancing on the Roof!! Zoro vs. Ryuma's Showdown
363,MANGA CANON,2008-07-20,Thriller Bark,Chopper Is Furious!! Hogback's Evil Medical Practices
364,MANGA CANON,2008-08-03,Thriller Bark,"Oars Roars! Come Out
365,MANGA CANON,2008-08-10,Thriller Bark,Luffy Is the Enemy! The Ulitmate Zombie vs. the Straw Hat Crew
366,MANGA CANON,2008-08-17,Thriller Bark,"You're Going Down
367,MANGA CANON,2008-08-24,Thriller Bark,Knock Him Down!! Special Attack: Straw Hat Docking?
368,MANGA CANON,2008-08-31,Thriller Bark,"The Silent Assault!! The Mysterious Visitor
369,MANGA CANON,2008-09-07,Thriller Bark,Oars + Moria! The Most Heinous Combination of Brains and Brawn
370,MANGA CANON,2008-09-14,Thriller Bark,The Secret Plan to Turn the Tables! Nightmare Luffy Makes His Appearance
371,MANGA CANON,2008-09-21,Thriller Bark,The Straw Hat Crew Gets Wiped Out! The Shadow-Shadow's Powers in Full Swing
372,MANGA CANON,2008-09-28,Thriller Bark,The Incredible Battle Starts! Luffy vs. Luffy
373,MANGA CANON,2008-10-05,Thriller Bark,The End of the Battle Is Nigh! Pound in the Finishing Move
374,MANGA CANON,2008-10-12,Thriller Bark,Our Bodies Vanish! The Morning Sun Shines on the Nightmarish Island!
375,MANGA CANON,2008-10-19,Thriller Bark,Not Out of Danger Yet! Orders To Annihilate the Straw Hat Crew
376,MANGA CANON,2008-11-09,Thriller Bark,It Repels Everything! Kuma's Paw-Paw Power!
377,MANGA CANON,2008-11-16,Thriller Bark,The Pain of My Crewmates Is My Pain! Zoro's Desperate Fight!
378,MANGA CANON,2008-11-23,Thriller Bark,The Promise From a Distant Day! The Pirates' Song and a Small Whale!
379,MANGA CANON,2008-11-30,Thriller Bark,Brook's Past! A Sad Farewell With His Cheerful Comrade!
380,MANGA CANON,2008-12-07,Thriller Bark,Bink's Booze! The Song That Connects the Past With the Present!
381,MANGA CANON,2008-12-14,Thriller Bark,"A New Crewmate! The Musician
382,FILLER,2008-12-21,Spa Island,"The Slow-Slow Menace! ""Silver Fox"" Foxy Returns!"
383,FILLER,2008-12-28,Spa Island,The Great Scramble for Treasure! Collapse! Spa Island!
384,FILLER,2009-01-11,Spa Island,Brook's Great Struggle! Is the Path To Becoming a True Comrade Rigorous?
385,MANGA CANON,2009-01-18,Sabaody Archipelago,Arriving at Halfway Through the Grand Line! The Red Line
386,MANGA CANON,2009-01-25,Sabaody Archipelago,Hatred of the Straw Hat Crew! Enter Iron Mask Duval
387,MANGA CANON,2009-02-01,Sabaody Archipelago,The Fated Reunion! Save the Imprisoned Fish-Man
388,MANGA CANON,2009-02-08,Sabaody Archipelago,Tragedy! The Truth of the Unmasked Duval
389,MANGA CANON,2009-02-15,Sabaody Archipelago,Explosion! The Sunny's Super Secret Weapon: Gaon Cannon
390,MANGA CANON,2009-02-22,Sabaody Archipelago,Landing to Get to Fish-Man Island! The Sabaody Archipelago
391,MANGA CANON,2009-03-01,Sabaody Archipelago,"Tyranny! The Rulers of Sabaody
392,MANGA CANON,2009-03-08,Sabaody Archipelago,New Rivals Gather! The 11 Supernovas
393,MANGA CANON,2015-06-15,Sabaody Archipelago,The Target Is Camie! The Looming Clutches of a Professional Kidnapper
394,MANGA CANON,2009-03-29,Sabaody Archipelago,Rescue Camie! The Archipelago’s Lingering Dark History
395,MANGA CANON,2009-04-05,Sabaody Archipelago,Time Limit! The Human Auction Begins
396,MANGA CANON,2009-04-12,Sabaody Archipelago,The Fist Explodes! Destroy the Auction
397,MANGA CANON,2009-04-19,Sabaody Archipelago,Major Panic! Desperate Struggle at the Auction House
398,MANGA CANON,2009-04-26,Sabaody Archipelago,Admiral Kizaru Takes Action! Sabaody Archipelago Thrown Into Chaos
399,MANGA CANON,2009-05-03,Sabaody Archipelago,Break Through the Siege! The Navy vs. the Three Captains
400,MANGA CANON,2009-05-10,Sabaody Archipelago,Roger and Rayleigh! The King of the Pirates and His Right Hand Man
401,MANGA CANON,2009-05-17,Sabaody Archipelago,No Escape!? Admiral Kizaru’s Light Speed Kick!!
402,MANGA CANON,2009-05-24,Sabaody Archipelago,"Overwhelming! The Navy’s Fighting Weapons
403,MANGA CANON,2009-05-31,Sabaody Archipelago,An Even Stronger Enemy Appears! The Battle Axe-Carrying Sentomaru
404,MANGA CANON,2009-06-07,Sabaody Archipelago,Admiral Kizaru's Fierce Assault! The Straw Hats Face Certain Death!
405,MANGA CANON,2009-06-14,Sabaody Archipelago,Eliminated Friends! The Final Day of the Straw Hat Crew
406,FILLER,2009-06-21,Special Episode,Feudal Era Side Story! Boss Luffy Appears Again
407,FILLER,2009-06-28,Special Episode,Feudal Era Side Story! Defeat Thriller Company's Trap
408,MANGA CANON,2009-07-05,Amazon Lilly,"Landing! The All-Female Island
409,MANGA CANON,2009-07-12,Amazon Lilly,Hurry Back to Your Friends! The Maiden Island Adventure
410,MANGA CANON,2009-07-19,Amazon Lilly,Everyone Falls in Love! Pirate Empress Hancock
411,MANGA CANON,2009-08-02,Amazon Lilly,The Secret Hidden on Their Backs! Luffy and the Snake Princess Meet
412,MANGA CANON,2009-08-09,Amazon Lilly,Heartless Judgment! Margaret Is Turned to Stone!!
413,MANGA CANON,2009-08-16,Amazon Lilly,A Difficult Fight for Luffy! The Snake Sisters' Haki Power!!
414,MANGA CANON,2009-08-23,Amazon Lilly,All-Out Special Power Battle!! Gum-Gum vs. Snake-Snake
415,MANGA CANON,2009-08-30,Amazon Lilly,Hancock's Confession! The Sisters' Abhorrent Past
416,MANGA CANON,2009-09-06,Amazon Lilly,Saving Ace! The Next Stop: The Great Prison!
417,MANGA CANON,2009-09-13,Amazon Lilly,Love Is a Hurricane! Hancock Madly in Love!
418,MIXED,2009-09-20,Amazon Lilly,The Friends' Whereabouts! The Science of Weather and the Mechanical Island!
419,MIXED,2009-09-27,Amazon Lilly,The Friends' Whereabouts! An Island of Giant Birds and a Pink Paradise!
420,MIXED,2009-10-04,Amazon Lilly,The Friends' Whereabouts! Bridging the Islands and Vicious Vegetations!
421,MIXED,2009-10-11,Amazon Lilly,The Friends' Whereabouts! A Negative Princess and the King of Demons!
422,MANGA CANON,2009-10-18,Impel Down 1,A Deadly Infiltration! The Underwater Prison Impel Down!
423,MANGA CANON,2009-10-25,Impel Down 1,A Reunion in Hell?! The Man Who Ate the Chop-Chop Fruit!
424,MANGA CANON,2009-11-01,Impel Down 1,Break Through the Crimson Hell! Buggy's Chaos-Inducing Plan!
425,MANGA CANON,2009-11-08,Impel Down 1,The Strongest Man in the Prison! Poison Man Magellan Appears!
426,FILLER,2009-11-15,Little East Blue,A Special Presentation Related to the Movie! A Gold Lion's Ambition on the Move!
427,FILLER,2009-11-22,Little East Blue,A Special Presentation Related to the Movie! Little East Blue in Danger!
428,FILLER,2009-11-29,Little East Blue,A Special Presentation Related to the Movie! The Fierce Onslaught of the Amigo Pirates!
429,FILLER,2009-12-06,Little East Blue,A Special Presentation Related to the Movie! Luffy vs. Largo - The Battle Is On!
430,MANGA CANON,2009-12-13,Impel Down 2,A Warlord in Prison! Jimbei the First Son of the Sea!
431,MANGA CANON,2009-12-20,Impel Down 2,Chief Jailer Saldeath's Trap! Level 3 - Starvation Hell!
432,MANGA CANON,2009-12-27,Impel Down 2,The Unleashed Swan! A Reunion With Bon Clay!
433,MANGA CANON,2010-01-10,Impel Down 2,Warden Magellan's Strategy! Straw Hat Entrapment Completed!
434,MANGA CANON,2010-01-17,Impel Down 2,All Forces Have Gathered! The Battle on Level 4 - The Burning Heat Hell!
435,MANGA CANON,2010-01-24,Impel Down 2,Mighty Magellan! Bon Clay Bugs Out!
436,MANGA CANON,2010-01-31,Impel Down 2,The Showdown Has Come! Luffy's Desperate Last Attack!
437,MANGA CANON,2010-02-07,Impel Down 2,For His Friend! Bon Clay Goes to the Deadly Rescue!
438,MANGA CANON,2010-02-14,Impel Down 2,A Paradise in Hell! Impel Down - Level 5.5!
439,MANGA CANON,2010-02-21,Impel Down 2,Luffy's Treatment Begins! Iva's Miraculous Power!
440,MANGA CANON,2010-02-28,Impel Down 2,Believe in Miracles! Bon Clay's Cries From the Heart!
441,MANGA CANON,2010-03-07,Impel Down 2,Luffy Back in Action! Iva Begins the Breakout Plan!!
442,MANGA CANON,2010-03-14,Impel Down 2,Ace's Convoy Begins! Battle on the Lowest Floor - Level 6!
443,MANGA CANON,2010-03-21,Impel Down 2,The Ultimate Team Has Formed! Shaking Impel Down!
444,MANGA CANON,2010-03-28,Impel Down 2,Even More Chaos! Here Comes Blackbeard Teach!
445,MANGA CANON,2010-04-04,Impel Down 2,The Dangerous Encounter! Blackbeard and Shiryu of the Rain!
446,MANGA CANON,2010-04-11,Impel Down 2,Refusal to Be Defeated! Serious Hannyabal
447,MANGA CANON,2010-04-18,Impel Down 2,Jet Pistol of Anger! Luffy vs. Blackbeard!
448,MANGA CANON,2010-04-25,Impel Down 2,Stop Magellan! Iva's Esoteric Technique Explodes!
449,MANGA CANON,2010-05-02,Impel Down 2,Magellan's Tricky Move! A Foiled Escaped Plan!
450,MANGA CANON,2010-05-09,Impel Down 2,The Escapee Team in Trouble! The Forbidden Move: Venom Demon!
451,MANGA CANON,2010-05-16,Impel Down 2,"Come
452,MANGA CANON,2010-05-23,Impel Down 2,To the Navy Headquarters! Off to Rescue Ace!
453,MIXED,2010-05-30,Impel Down 2,The Friends' Whereabouts! The Weatheria Report and the Cyborg Animals!
454,MIXED,2010-06-06,Impel Down 2,The Friends' Whereabouts! A Cheeper of Giant Birds and a Pink Showdown!
455,MIXED,2010-06-13,Impel Down 2,The Friends' Whereabouts! Revolutionaries and the Gorging Forest's Trap!
456,MIXED,2010-06-20,Impel Down 2,The Friends' Whereabouts! A Huge Tomb and the Panty Debt!
457,FILLER,2010-06-27,Marinefold ,A Special Retrospective Before Marineford! The Vow of the Brotherhood!
458,FILLER,2010-07-11,Marinefold ,A Special Retrospective Before Marineford! The Three Navy Admirals Come Together!
459,MANGA CANON,2010-07-18,Marinefold ,Ticking Down to the Time of Battle! The Navy's Strongest Lineup in Position!
460,MANGA CANON,2010-08-01,Marinefold ,A Vast Fleet Appears! Here Come the Whitebeard Pirates!
461,MANGA CANON,2010-08-08,Marinefold ,The Beginning of the War! Ace and Whitebeard's Past!
462,MANGA CANON,2010-08-15,Marinefold ,The Force That Could Destroy the World! The Power of the Tremor-Tremor Fruit!
463,MANGA CANON,2010-08-22,Marinefold ,An All-Consuming Inferno!! Admiral Akainu's Power!
464,MANGA CANON,2010-08-29,Marinefold ,A Descendant of the Beast! Little Oars Jr. - Full Speed Ahead!
465,MANGA CANON,2010-09-05,Marinefold ,Justice for the Winners! Sengoku's Strategy in Action!
466,MANGA CANON,2010-09-12,Marinefold ,Straw Hat Team Arrives! Tension Grows at the Battlefield
467,MANGA CANON,2010-09-19,Marinefold ,"Even If It Means Death! Luffy vs. the Navy
468,MANGA CANON,2010-09-26,Marinefold ,"Hard Battles
469,MANGA CANON,2010-10-03,Marinefold ,Kuma's Transformation! Iva's Blow of Anger!
470,MANGA CANON,2010-10-10,Marinefold ,The Great Swordsman Mihawk! Luffy Comes Under the Attack of the Black Sword!
471,MANGA CANON,2010-10-17,Marinefold ,The Extermination Strategy in Action! The Power of the Pacifistas!
472,MANGA CANON,2010-10-24,Marinefold ,Akainu's Plot! Whitebeard Entrapped!
473,MANGA CANON,2010-10-31,Marinefold ,The Encircling Walls Activated! The Whitebeard Pirates Backed Into a Corner!
474,MANGA CANON,2010-11-07,Marinefold ,Execution Order Issued! Break Through the Encircling Walls!
475,MANGA CANON,2010-11-14,Marinefold ,Moving Into the Final Phase! Whitebeard's Trump Card for Recovery!
476,MANGA CANON,2010-11-21,Marinefold ,Luffy at the End of His Tether! An All-Out Battle at the Oris Plaza!
477,MANGA CANON,2010-11-28,Marinefold ,"The Power That Will Shorten One's Life! Energy Hormone
478,MANGA CANON,2010-12-05,Marinefold ,To Live up to a Promise! Luffy and Coby Collide!
479,MANGA CANON,2010-12-12,Marinefold ,The Scaffold at Last! The Way to Ace Has Opened!
480,MANGA CANON,2010-12-19,Marinefold ,Each on Different Paths! Luffy vs. Garp!
481,MANGA CANON,2010-12-26,Marinefold ,Ace Rescued! Whitebeard's Final Order!
482,MANGA CANON,2011-01-09,Marinefold ,The Power That Can Burn Even Fire! Akainu's Ruthless Pursuit!
483,MANGA CANON,2011-01-16,Marinefold ,Looking for the Answer! Fire Fist Ace Dies on the Battlefield!
484,MANGA CANON,2011-01-23,Marinefold ,The Navy Headquarters Falls! Whitebeard's Unspeakable Wrath!
485,MANGA CANON,2011-01-30,Marinefold ,Ending the Matter! Whitebeard vs. the Blackbeard Pirates!
486,MANGA CANON,2011-02-06,Marinefold ,The Show Begins! Blackbeard's Plot Is Revealed!
487,MANGA CANON,2011-02-13,Marinefold ,The Insatiable Akainu! Lava Fists Pummel Luffy!
488,MANGA CANON,2011-02-20,Marinefold ,The Desperate Scream! Courageous Moments That Will Change the Future
489,MIXED,2011-03-06,Marinefold ,Here Comes Shanks! The War of the Best Is Finally Over!
490,MANGA CANON,2011-03-20,Post-War,"Mighty Leaders Face Each Other Down! Heralding the ""New Era!"""
491,MANGA CANON,2011-03-27,Post-War,Landing at the Maiden Island! The Harsh Reality Falls Upon Luffy!
492,FILLER,2011-04-03,Post-War,The Strongest Tag-Team! Luffy and Toriko's Hard Struggle!
493,MANGA CANON,2011-04-10,Post-War,Luffy and Ace! The Story of How the Brothers Met!
494,MANGA CANON,2011-04-17,Post-War,Here Comes Sabo! The Boy at the Gray Terminal!
495,MANGA CANON,2011-04-24,Post-War,I Won't Run! Ace's Desperate Rescue Operation!
496,MANGA CANON,2011-05-01,Post-War,To the Sea Someday! The Pledge of the Three Brats!
497,MIXED,2011-05-08,Post-War,Leaving the Dadan Family for Good? The Kids' Hideout Has Been Built!
498,MIXED,2011-05-15,Post-War,Luffy Becoming an Apprentice?! A Man Who Fought Against the King of the Pirates!
499,MIXED,2011-05-22,Post-War,The Battle Against the Big Tiger! Who Is Going to Be Captain?!
500,MANGA CANON,2011-05-29,Post-War,Freedom Taken Away! The Nobles' Plot Closing in on the Brothers!
501,MANGA CANON,2011-06-05,Post-War,The Fire Has Been Set! The Gray Terminal in Crisis!
502,MANGA CANON,2011-06-12,Post-War,Where Can Freedom Be Found? A Sad Departure of a Boy!
503,MANGA CANON,2011-06-19,Post-War,Take Good Care of Him! A Letter From the Brother!
504,MANGA CANON,2011-06-26,Post-War,To Live up to the Promise! Departures of Their Own!
505,MANGA CANON,2011-07-03,Post-War,I Want to See Them! Luffy's Mournful Cry!
506,MIXED,2011-07-10,Post-War,Straw Hats in Shock! The Bad News Has Reached Them!
507,MANGA CANON,2011-07-17,Post-War,Reunited With Dark King Rayleigh! Decision Time for Luffy!
508,MANGA CANON,2011-07-31,Post-War,Back to Our Captain! A Jail Break at the Sky Island and the Incident on the Winter Island!
509,MANGA CANON,2011-08-07,Post-War,Encounter! The Great Swordsman Mihawk! Zoro's Self-Willed Deadly Struggle!
510,MANGA CANON,2011-08-14,Post-War,A Disaster for Sanji! The Queen's Return to the Kingdom!
511,MANGA CANON,2011-08-21,Post-War,"Unexpected Relanding! Luffy
512,MANGA CANON,2011-08-28,Post-War,With Hopes It Will Reach My Friends! Big News Spreading Fast!
513,MANGA CANON,2011-09-04,Post-War,Pirates Get On the Move! Astounding New World!
514,MANGA CANON,2011-09-11,Post-War,Living Through Hell! Sanji's Fight for His Manhood!
515,MANGA CANON,2011-09-18,Post-War,1 second of one piece
516,MANGA CANON,2011-09-25,Post-War,Luffy's Training Begins! To the Place We Promised in 2 Years!
517,MANGA CANON,2011-10-02,Return to Sabaody,The Beginning of the New Chapter! The Straw Hats Reunited!
518,MANGA CANON,2011-10-09,Return to Sabaody,An Explosive Situation! Luffy vs. Fake Luffy!
519,MANGA CANON,2011-10-16,Return to Sabaody,The Navy Has Set Out! The Straw Hats in Danger!
520,MIXED,2011-10-23,Return to Sabaody,Big Guns Assembled! The Danger of the Fake Straw Hats!
521,MANGA CANON,2011-10-30,Return to Sabaody,The Battle Is On! Show Them What You Got From Training!
522,MANGA CANON,2011-11-06,Return to Sabaody,"Everyone Together! Luffy
523,MANGA CANON,2011-11-13,Fisherman Island,A Surprising Fact! The Man Who Guarded the Sunny!
524,MANGA CANON,2011-11-20,Fisherman Island,Deadly Combat Under the Sea! The Demon of the Ocean Strikes!
525,MANGA CANON,2011-11-27,Fisherman Island,Lost in the Deep Sea! The Straw Hats Get Separated!
526,MANGA CANON,2011-12-04,Fisherman Island,Undersea Volcanic Eruption! Drifting to the Fish-Man Island!
527,MANGA CANON,2011-12-11,Fisherman Island,Landing at the Fish-Man Island! Beautiful Mermaids!
528,MANGA CANON,2011-12-18,Fisherman Island,Excitement Blow-Out! Sanji's Life Under Threat!
529,MANGA CANON,2011-12-25,Fisherman Island,The Fish-Man Island Will Be Annihilated?! Sharley's Prophecy!
530,MANGA CANON,2012-01-08,Fisherman Island,"The King of the Fish-Man Island! Neptune
531,MANGA CANON,2012-01-15,Fisherman Island,Ryugu Palace! Taken by the Shark That They Saved!
532,MANGA CANON,2012-01-22,Fisherman Island,A Coward and a Crybaby! The Princess in the Hard Shell Tower!
533,MANGA CANON,2012-01-29,Fisherman Island,It's an Emergency! The Ryugu Palace Is Occupied!
534,MANGA CANON,2012-02-05,Fisherman Island,The Ryugu Palace in Shock! The Kidnapping of Shirahoshi!
535,MANGA CANON,2012-02-12,Fisherman Island,Hordy's Onslaught! The Retaliatory Plan Set Into Motion!
536,MANGA CANON,2012-02-19,Fisherman Island,The Battle in the Ryugu Palace! Zoro vs. Hordy!
537,MANGA CANON,2012-02-26,Fisherman Island,Keep Shirahoshi Safe! Decken Close Behind!
538,MANGA CANON,2012-03-04,Fisherman Island,The Straw Hats Defeated?! Hordy Gains Control of the Ryugu Palace!
539,MANGA CANON,2012-03-18,Fisherman Island,The Haunting Ties! Nami and the Fish-Man Pirates!
540,MANGA CANON,2012-03-25,Fisherman Island,A Hero Who Freed the Slaves! An Adventurer Tiger!
541,MANGA CANON,2012-04-01,Fisherman Island,Kizaru Appears! A Trap to Catch Tiger!
542,FILLER,2012-04-08,Fisherman Island,A Team Is Formed! Save Chopper
543,MANGA CANON,2012-04-15,Fisherman Island,The Death of the Hero! A Shocking Truth of Tiger!
544,MANGA CANON,2012-04-22,Fisherman Island,The Sun Pirates Split! Jimbei vs. Arlong!
545,MANGA CANON,2012-04-29,Fisherman Island,Shaking Fish-Man Island! A Celestial Dragon Drifts In!
546,MANGA CANON,2012-05-06,Fisherman Island,A Sudden Tragedy! A Gunshot Shuts Down the Future!
547,MANGA CANON,2012-05-13,Fisherman Island,Back to the Present! Hordy Makes a Move!
548,MANGA CANON,2012-05-20,Fisherman Island,The Kingdom in Shock! An Order to Execute Neptune Issued!
549,MANGA CANON,2012-05-27,Fisherman Island,A Rift Opens Up! Luffy vs. Jimbei!
550,MANGA CANON,2012-06-03,Fisherman Island,Something Has Happened to Hordy! The True Power of the Evil Drug!
551,MANGA CANON,2012-06-10,Fisherman Island,The Battle Is On! At Conchcorde Plaza!
552,MANGA CANON,2012-06-17,Fisherman Island,Surprising Confession! The Truth Behind the Assassination of Otohime!
553,MANGA CANON,2012-06-24,Fisherman Island,Shirahoshi's Tears! Luffy Finally Shows Up!
554,MANGA CANON,2012-07-01,Fisherman Island,"A Great Clash! The Straw Hat Crew vs. 100
555,MANGA CANON,2012-07-08,Fisherman Island,Deadly Attacks One After Another! Zoro and Sanji Join the Battle!
556,MANGA CANON,2012-07-15,Fisherman Island,Unveiled! The Secret Weapons of the Sunny!
557,MANGA CANON,2012-07-29,Fisherman Island,Iron Pirate! Here Comes General Franky!
558,MANGA CANON,2012-08-05,Fisherman Island,The Noah Closing In! The Fish-Man Island Facing Destruction!
559,MANGA CANON,2012-08-12,Fisherman Island,"Hurry Up
560,MANGA CANON,2012-08-19,Fisherman Island,The Fierce Fight Begins! Luffy vs. Hordy!
561,MANGA CANON,2012-08-26,Fisherman Island,A Massive Confused Fight! The Straw Hats vs. the New Fish-Man Pirates!
562,MANGA CANON,2012-09-02,Fisherman Island,Luffy Loses the Fight?! Hordy's Long Awaited Revenge!
563,MANGA CANON,2012-09-09,Fisherman Island,A Shocking Fact! The True Identity of Hordy!
564,MANGA CANON,2012-09-16,Fisherman Island,Back to Zero! Earnest Wishes for Luffy!
565,MANGA CANON,2012-09-23,Fisherman Island,Luffy's All-Out Attack! Red Hawk Blasts!
566,MANGA CANON,2012-09-30,Fisherman Island,Coming to an End! The Final Decisive Battle Against Hordy!
567,MANGA CANON,2012-10-07,Fisherman Island,"Stop
568,MANGA CANON,2012-10-14,Fisherman Island,To the Future! The Path to the Sun!
569,MANGA CANON,2012-10-21,Fisherman Island,The Secret Revealed! The Truth About the Ancient Weapon!
570,MANGA CANON,2012-10-28,Fisherman Island,The Straw Hats Stunned! The New Fleet Admiral of the Navy!
571,MANGA CANON,2012-11-04,Fisherman Island,She Loves Sweets! Big Mom of the Four Emperors!
572,MANGA CANON,2012-11-11,Fisherman Island,Many Problems Lie Ahead! A Trap Awaiting in the New World!
573,MANGA CANON,2012-11-18,Fisherman Island,"Finally Time to Go! Goodbye
574,MIXED,2012-11-25,Fisherman Island,To the New World! Heading for the Ultimate Sea!
575,FILLER,2012-12-02,Z's Ambition,Z's Ambition! Lily the Little Giant!
576,FILLER,2012-12-09,Z's Ambition,Z's Ambition! A Dark and Powerful Army!
577,FILLER,2012-12-16,Z's Ambition,Z's Ambition! A Great and Desperate Escape Plan!
578,FILLER,2012-12-23,Z's Ambition,Z's Ambition! Luffy vs. Shuzo!
579,MANGA CANON,2013-01-06,Punk Hazard,Arriving! A Burning Island - Punk Hazard!
580,MANGA CANON,2013-01-13,Punk Hazard,A Battle in the Heat! Luffy vs. the Giant Dragon!
581,MANGA CANON,2013-01-20,Punk Hazard,The Straw Hats Stunned! Enter: A Samurai's Horrifying Severed Head!
582,MANGA CANON,2013-01-27,Punk Hazard,Startling! The Secret of the Island Is Finally Revealed!
583,MANGA CANON,2013-02-03,Punk Hazard,Save the Children! The Straw Hats Start to Fight!
584,MANGA CANON,2013-02-10,Punk Hazard,A Swordplay Showdown! Brook vs. the Mysterious Torso Samurai!
585,MANGA CANON,2013-02-17,Punk Hazard,The Warlord! Trafalgar Law!
586,MANGA CANON,2013-03-03,Punk Hazard,In a Real Pinch! Luffy Sinks Into the Ice-Cold Lake!
587,MANGA CANON,2013-03-17,Punk Hazard,A Collision! Law vs. Vice Admiral Smoker!
588,MANGA CANON,2013-03-24,Punk Hazard,Meeting Again After Two Years! Luffy and Law!
589,MANGA CANON,2013-03-31,Punk Hazard,The Worst in the World! A Scientist of Terror - Caesar!
590,FILLER,2013-04-07,Punk Hazard,History's Strongest Collaboration vs. Glutton of the Sea
591,MANGA CANON,2013-04-14,Punk Hazard,Chopper's Fury! The Master's Inhumane Experiment!
592,MANGA CANON,2013-04-21,Punk Hazard,To Annihilate the Straw Hats! Legendary Assassins Descend!
593,MANGA CANON,2013-04-28,Punk Hazard,Save Nami! Luffy's Fight on the Snow-Capped Mountains!
594,MANGA CANON,2013-05-05,Punk Hazard,Formed! Luffy and Law's Pirate Alliance!
595,MANGA CANON,2013-05-12,Punk Hazard,Capture M! The Pirate Alliance's Operation Launches!
596,MANGA CANON,2013-05-19,Punk Hazard,On the Verge of Annihilation! A Deadly Monster Comes Flying In!
597,MANGA CANON,2013-05-26,Punk Hazard,An Intense Battle! Caesar Exercises His True Power!
598,MANGA CANON,2013-06-02,Punk Hazard,A Samurai Who Can Cut Fire! Foxfire Kin'emon!
599,MANGA CANON,2013-06-09,Punk Hazard,Shocking! The True Identity of the Mystery Man Vergo!
600,MANGA CANON,2013-06-16,Punk Hazard,Save the Children! The Master's Evil Hands Close In!
601,MANGA CANON,2013-06-23,Punk Hazard,Shaking up the New World! Caesar's Horrendous Experiment!
602,MANGA CANON,2013-06-30,Punk Hazard,The Deadliest Weapon of Mass Destruction in History! Shinokuni!
603,MANGA CANON,2013-07-07,Punk Hazard,Launching the Counter Attack! Luffy and Law's Great Escape!
604,MANGA CANON,2013-07-14,Punk Hazard,Get to Building R! The Pirate Alliance's Great Advance!
605,MANGA CANON,2013-07-21,Punk Hazard,Tashigi's Tears! G-5's Desperate Breakthrough Plan!
606,MANGA CANON,2013-07-28,Punk Hazard,The Treacherous Vice Admiral! Demon Bamboo Vergo!
607,MANGA CANON,2013-08-11,Punk Hazard,A Fierce Battle Gets Heated! Luffy vs. Caesar!
608,MANGA CANON,2013-08-18,Punk Hazard,A Mastermind Underground! Doflamingo Makes His Move!
609,MANGA CANON,2013-08-25,Punk Hazard,Luffy Dies From Exposure?! The Spine-Chilling Snow Woman Monet!
610,MANGA CANON,2013-09-01,Punk Hazard,Fists Collide! A Battle of the Two Vice Admirals!
611,MANGA CANON,2013-09-08,Punk Hazard,A Small Dragon! Momonosuke Appears!
612,MANGA CANON,2013-09-15,Punk Hazard,A Deadly Fight in a Blizzard! The Straw Hats vs. the Snow Woman!
613,MANGA CANON,2013-09-22,Punk Hazard,Showing Off His Techniques! Zoro's Formidable One-Sword Style!
614,MANGA CANON,2013-09-29,Punk Hazard,To Save Her Friends! Mocha Runs at the Risk of Her Life!
615,MANGA CANON,2013-10-06,Punk Hazard,Brownbeard in Grief! Luffy Lands a Furious Blow!
616,MANGA CANON,2013-10-13,Punk Hazard,A Surprising Outcome! Smoker vs. Vergo!
617,MANGA CANON,2013-10-20,Punk Hazard,Caesar's Defeat! The Powerful Grizzly Magnum!
618,MANGA CANON,2013-10-27,Punk Hazard,Raid! An Assassin From Dressrosa!
619,MANGA CANON,2013-11-03,Punk Hazard,Running Wild! Invincible General Franky!
620,MANGA CANON,2013-11-10,Punk Hazard,A Critical Situation! Punk Hazard Explodes!
621,MANGA CANON,2013-11-17,Punk Hazard,Capture Caesar! General Cannon Blasts!
622,MANGA CANON,2013-11-24,Punk Hazard,A Touching Reunion! Momonosuke and Kin'emon!
623,MANGA CANON,2013-12-01,Punk Hazard,It's Time to Say Goodbye! Leaving Punk Hazard!
624,MANGA CANON,2013-12-08,Punk Hazard,The G-5 Wiped Out! Doflamingo's Sudden Attack!
625,MIXED,2013-12-15,Punk Hazard,Intense! Aokiji vs. Doflamingo!
626,FILLER,2013-12-22,Caesar Retrieval,Caesar Goes Missing! The Pirate Alliance Makes a Sortie!
627,FILLER,2014-01-05,Caesar Retrieval,Luffy Dies at Sea!? The Pirate Alliance Comes Apart!
628,FILLER,2014-01-12,Caesar Retrieval,A Major Turnaround! Luffy's Angry Iron Fist Strikes!
629,MANGA CANON,2014-01-19,Dressrosa,Startling! The Big News Shakes up the New World!
630,MANGA CANON,2014-01-26,Dressrosa,Explore! A Kingdom of Love and Passion Dressrosa!
631,MANGA CANON,2014-02-02,Dressrosa,Full of Enthusiasm! The Corrida Colosseum
632,MANGA CANON,2014-02-09,Dressrosa,A Dangerous Love! The Dancer Girl - Violet!
633,MIXED,2014-02-16,Dressrosa,"A Formidable
634,MANGA CANON,2014-02-23,Dressrosa,A Pirate Noble! Cavendish!
635,MANGA CANON,2014-03-02,Dressrosa,The Fateful Reunion! Bellamy the Hyena!
636,MANGA CANON,2014-03-16,Dressrosa,A Super Rookie! Bartolomeo the Cannibal!
637,MANGA CANON,2014-03-23,Dressrosa,Big Names Duke It Out! The Heated Block B Battle!
638,MANGA CANON,2014-03-30,Dressrosa,A Deadly Blow! The Astonishing King Punch!
639,MANGA CANON,2014-04-06,Dressrosa,The Fighting Fish Strike! Across the Deadly Iron Bridge!
640,MANGA CANON,2014-04-13,Dressrosa,Explore! Fairies' Island - Green Bit!
641,MANGA CANON,2014-04-20,Dressrosa,The Unknown World! The Tontatta Kingdom!
642,MANGA CANON,2014-04-27,Dressrosa,The Stratagem of the Century! Doflamingo Makes His Move!
643,MANGA CANON,2014-05-04,Dressrosa,Shaking Heaven and Earth! Admiral Fujitora's Power!
644,MANGA CANON,2014-05-11,Dressrosa,A Blow of Anger! A Giant vs. Lucy!
645,MANGA CANON,2014-05-18,Dressrosa,Destruction Cannon Blasts! Lucy in Trouble!
646,MANGA CANON,2014-05-25,Dressrosa,The Legendary Pirate! Don Chinjao!
647,MANGA CANON,2014-06-01,Dressrosa,Light and Shadow! Darkness Behind Dressrosa!
648,MANGA CANON,2014-06-08,Dressrosa,Making a Sortie! The Legendary Hero Usoland!
649,MANGA CANON,2014-06-15,Dressrosa,The Fierce Battle Coming to the End! Lucy vs. Chinjao!
650,MANGA CANON,2014-06-22,Dressrosa,Luffy and the Gladiator of Fate - Rebecca!
651,MANGA CANON,2014-06-29,Dressrosa,Protect You to the End! Rebecca and the Toy Soldier!
652,MANGA CANON,2014-07-06,Dressrosa,The Last - and Bloodiest - Block! Block D Battle Begins!
653,MIXED,2014-07-13,Dressrosa,A Decisive Battle! Giolla vs. the Straw Hats!
654,MANGA CANON,2014-07-20,Dressrosa,Beautiful Sword! Cavendish of the White Horse!
655,MANGA CANON,2014-08-02,Dressrosa,A Big Clash! Sanji vs. Doflamingo
656,MANGA CANON,2014-08-10,Dressrosa,Rebecca's Special Attack! Last-Ditch Sword Dance!
657,MIXED,2014-08-17,Dressrosa,The Most Violent Fighter! Logan vs. Rebecca!
658,MANGA CANON,2014-08-24,Dressrosa,A Big Surprise! The True Identity of the Toy Soldier!
659,MANGA CANON,2014-08-31,Dressrosa,A Horrible Past! The Secret of Dressrosa
660,MANGA CANON,2014-09-07,Dressrosa,A Nightmare! The Tragic Night of Dressrosa!
661,MANGA CANON,2014-09-14,Dressrosa,A Showdown Between the Warlords! Law vs. Doflamingo!
662,MANGA CANON,2014-09-21,Dressrosa,Two Great Rivals Meet Each Other! Straw Hat and Heavenly Demon!
663,MANGA CANON,2014-09-28,Dressrosa,Luffy Astonished! The Man Who Inherits Ace’s Will!
664,MANGA CANON,2014-10-05,Dressrosa,Operation SOP Starts! Usoland Charges Forth!
665,MANGA CANON,2014-10-12,Dressrosa,A Burning Passion! Rebecca vs. Suleiman!
666,MANGA CANON,2014-10-19,Dressrosa,The End of the Match?! A Surprising Result of Block D!
667,MANGA CANON,2014-10-26,Dressrosa,The Admiral's Decision! Fujitora vs. Doflamingo!
668,MANGA CANON,2014-11-02,Dressrosa,The Final Round Starts! Diamante the Hero Shows Up!
669,MANGA CANON,2014-11-08,Dressrosa,A Moving Castle! The Top Executive Pica Rises Up!
670,MANGA CANON,2014-11-16,Dressrosa,Dragon Claw Strikes! Lucy's Intimidating Attack!
671,MANGA CANON,2014-11-23,Dressrosa,Defeat Sugar! The Army of the Little People Charges!
672,MANGA CANON,2014-11-30,Dressrosa,The Last Light of Hope! The Secret of Our Commander!
673,MANGA CANON,2014-12-07,Dressrosa,The Rupture Human! Gladius Blows up Big Time!
674,MANGA CANON,2014-12-14,Dressrosa,A Liar! Usoland on the Run!
675,MANGA CANON,2014-12-21,Dressrosa,A Fateful Encounter! Kyros and King Riku!
676,MANGA CANON,2014-12-28,Dressrosa,Operation Failed! Usoland the Hero Dies!?
677,MANGA CANON,2015-01-11,Dressrosa,The Legend Is Back! Kyros' All-Out Attack!
678,MANGA CANON,2015-01-18,Dressrosa,The Fire Fist Strikes! The Flare-Flare Fruit Power Returns!
679,MIXED,2015-01-25,Dressrosa,"Dashing Onto the Scene! The Chief of Staff of the Revolutionary Army
680,MANGA CANON,2015-02-01,Dressrosa,The Devil's Trap! A Dressrosa Extermination Plan!
681,MANGA CANON,2015-02-07,Dressrosa,The 500 Million Berry Man! Target: Usoland!
682,MANGA CANON,2015-02-14,Dressrosa,Breaking Through Enemy Lines! Luffy and Zoro Launch the Counter-Attack!
683,MANGA CANON,2015-02-21,Dressrosa,With a Rumbling of the Ground! The God of Destruction - Giant Pica Descends!
684,MANGA CANON,2015-02-28,Dressrosa,Gathering Into a Powerful Front! Luffy and a Group of Brutal Warriors!
685,MANGA CANON,2015-03-07,Dressrosa,Steady Progress! Luffy's Army vs. Pica!
686,MANGA CANON,2015-03-14,Dressrosa,A Shocking Confession! Law’s Soulful Vow!
687,MANGA CANON,2015-03-21,Dressrosa,A Big Collision! Chief of Staff - Sabo vs. Admiral Fujitora!
688,MANGA CANON,2015-03-28,Dressrosa,A Desperate Situation! Luffy Gets Caught in a Trap!
689,MANGA CANON,2015-04-04,Dressrosa,A Great Escape! Luffy's Tide-Turning Elephant Gun!
690,MIXED,2015-04-11,Dressrosa,A United Front! Luffy's Breakthrough to the Victory!
691,MANGA CANON,2015-04-18,Dressrosa,The Second Samurai! Evening Shower Kanjuro Appears
692,MANGA CANON,2015-05-10,Dressrosa,A Hard-Fought Battle Against Pica! Zoro's Deadly Attack!
693,MANGA CANON,2015-05-17,Dressrosa,The Little People's Princess! Captive Mansherry!
694,MANGA CANON,2015-05-24,Dressrosa,Invincible! A Gruesome Army of Headcracker Dolls!
695,MANGA CANON,2015-05-31,Dressrosa,Risking Their Lives! Luffy Is the Trump Card for Victory!
696,MANGA CANON,2015-06-07,Dressrosa,A Tearful Reunion! Rebecca and Kyros!
697,MANGA CANON,2015-06-14,Dressrosa,One Shot One Kill! The Man Who Will Save Dressrosa!
698,MANGA CANON,2015-06-21,Dressrosa,Anger Erupts! Luffy and Law's Ultimate Stratagem!
699,MANGA CANON,2015-06-28,Dressrosa,A Noble Family! The True Identity of Doflamingo!
700,MANGA CANON,2015-07-05,Dressrosa,The Ultimate Power! The Secret of the Op-Op Fruit!
701,MANGA CANON,2015-07-12,Dressrosa,Sad Memories! Law the Boy From the White Town!
702,MANGA CANON,2015-07-19,Dressrosa,A Celestial Dragon! Doffy's Stormy Past
703,MANGA CANON,2015-08-02,Dressrosa,A Rocky Road! Law and Corazon's Journey of Life!
704,MANGA CANON,2015-08-09,Dressrosa,The Time Is Ticking Down! Seize the Op-Op Fruit!
705,MANGA CANON,2015-08-16,Dressrosa,The Moment of Resolution! Corazon's Farewell Smile!
706,MANGA CANON,2015-08-23,Dressrosa,"Advance
707,MANGA CANON,2015-08-30,Dressrosa,To Be Free! Law's Injection Shot Blasts!
708,MANGA CANON,2015-09-06,Dressrosa,An Intense Battle! Law vs. Doflamingo!
709,MANGA CANON,2015-09-13,Dressrosa,A Decisive Battle Against the Executives! Proud Hajrudin!
710,MANGA CANON,2015-09-20,Dressrosa,The Battle of Love! The New Leader Sai vs. Baby 5!
711,MANGA CANON,2015-09-27,Dressrosa,The Man's Pride! Bellamy's Last Charge!
712,MANGA CANON,2015-10-04,Dressrosa,A Strong Wind and a Surge! Hakuba vs. Dellinger!
713,MANGA CANON,2015-10-11,Dressrosa,Barrier-Barrier! Homage God Fist Strikes!
714,MANGA CANON,2015-10-18,Dressrosa,The Healing Princess! Save Mansherry!
715,MANGA CANON,2015-10-25,Dressrosa,The Manly Duel! Señor's Elegy of Love!
716,MANGA CANON,2015-11-01,Dressrosa,Stardust of Death! Diamante's Storm of Vicious Attacks!
717,MANGA CANON,2015-11-08,Dressrosa,Trueno Bastardo! Kyros' Furious Strike!
718,MANGA CANON,2015-11-15,Dressrosa,Moving Across the Ground! The Giant Statue Pica's Surprise Maneuver!
719,MANGA CANON,2015-11-22,Dressrosa,A Decisive Battle in Midair! Zoro's New Special Secret Technique Blasts!
720,MANGA CANON,2015-11-29,Dressrosa,So Long! Bellamy's Farewell Blow!
721,MANGA CANON,2015-12-06,Dressrosa,Law Dies! Luffy's Raging Onslaught!
722,MANGA CANON,2015-12-13,Dressrosa,A Blade of Tenacity! The Gamma Knife Counterattack!
723,MANGA CANON,2015-12-20,Dressrosa,A Collision of Haki! Luffy vs. Doflamingo!
724,MANGA CANON,2015-12-27,Dressrosa,Unassailable! The Stunning Secret of Trebol!
725,MANGA CANON,2016-01-10,Dressrosa,Anger Erupts! I Will Take Everything Upon Myself!
726,MANGA CANON,2016-01-17,Dressrosa,Fourth Gear! The Phenomenal Bounce-Man!
727,MANGA CANON,2016-01-24,Dressrosa,A Massive Counterattack! Doflamingo's Awakening!
728,MANGA CANON,2016-01-31,Dressrosa,Luffy! An All-Out Leo Bazooka!
729,MANGA CANON,2016-02-14,Dressrosa,Flame Dragon King! Protect Luffy's Life!
730,MANGA CANON,2016-02-21,Dressrosa,Tears of Miracles! Mansherry's Fight!
731,MIXED,2016-02-28,Dressrosa,As Long as We Breathe! Stop the Deadly Birdcage!
732,MANGA CANON,2016-03-06,Dressrosa,Dead or Alive! A Fateful Countdown!
733,MANGA CANON,2016-03-20,Dressrosa,Attack on a Celestial! Luffy's King Kong Gun of Anger!
734,MANGA CANON,2016-03-27,Dressrosa,To Be Free! Dressrosa's Delight!
735,MANGA CANON,2016-04-03,Dressrosa,The Unheard-Of! Admiral Fujitora's Surprising Decision!
736,MANGA CANON,2016-04-10,Dressrosa,Sending a Shock Wave! The Worst Generation Goes Into Action!
737,MIXED,2016-04-17,Dressrosa,The Birth of the Legend! The Adventures of the Revolutionary Warrior Sabo!
738,MIXED,2016-04-24,Dressrosa,The Brothers' Bond! The Untold Story Behind Luffy and Sabo's Reunion!
739,MANGA CANON,2016-05-01,Dressrosa,"The Strongest Creature! One of the Four Emperors - Kaido
740,MANGA CANON,2016-05-08,Dressrosa,Fujitora Takes Action! The Complete Siege of the Straw Hats!
741,MANGA CANON,2016-05-15,Dressrosa,A State of Emergency! Rebecca Is Kidnapped!
742,MANGA CANON,2016-05-22,Dressrosa,The Bond Between Father and Daughter! Kyros and Rebecca!
743,MANGA CANON,2016-05-29,Dressrosa,"Men's Pride! Luffy vs. Fujitora
744,MANGA CANON,2016-06-05,Dressrosa,No Way Out! Admiral Fujitora's Ruthless Pursuit!
745,MANGA CANON,2016-06-12,Dressrosa,Sons' Cups! Straw Hat Fleet Is Formed!
746,MANGA CANON,2016-06-19,Dressrosa,The Numerous Rivals Struggle Amongst Themselves! The Raging Monsters of the New World
747,FILLER,2016-06-26,Silver Mine,The Silver Fortress! Luffy and Barto's Great Adventure!
748,FILLER,2016-07-03,Silver Mine,An Underground Maze! Luffy vs. the Tram Human!
749,FILLER,2016-07-10,Silver Mine,The Sword Technique Heats Up! Law and Zoro Finally Appear!
750,FILLER,2016-07-17,Silver Mine,A Desperate Situation! Luffy Fights a Battle in Extreme Heat!
751,MIXED,2016-07-31,Zou,"Curtain-up on a New Adventure! Arriving at the Phantom Island
752,MANGA CANON,2016-08-07,Zou,The New Warlord! The Legendary Whitebeard's Son Appears!
753,MANGA CANON,2016-08-21,Zou,A Deadly Elephant Climb! A Great Adventure on the Back of the Giant Elephant!
754,MANGA CANON,2016-08-28,Zou,A Battle Begins! Luffy vs. the Mink Tribe!
755,MANGA CANON,2016-09-04,Zou,Garchu! The Straw Hats Reunite!
756,MANGA CANON,2016-09-11,Zou,Start to Counterattack! Great Moves by the Twirly Hat Crew!
757,MANGA CANON,2016-09-25,Zou,"A Threat Descends! The Beast Pirates
758,MANGA CANON,2016-10-02,Zou,The King of the Day! Duke Dogstorm Appears!
759,MANGA CANON,2016-10-09,Zou,The King of the Night! Master Cat Viper Emerges!
760,MANGA CANON,2016-10-16,Zou,The Exterminated Capital! The Twirly Hat Crew Arrive!
761,MANGA CANON,2016-10-23,Zou,The Time Limit Closes In! The Bond Between the Mink Tribe and the Crew!
762,MANGA CANON,2016-10-30,Zou,The Delinquent Comes Home! Emperor Big Mom's Assassins!
763,MANGA CANON,2016-11-06,Zou,The Truth Behind the Disappearance! Sanji Gets a Startling Invitation!
764,MANGA CANON,2016-11-13,Zou,To My Buds! Sanji's Farewell Note!
765,MANGA CANON,2016-11-20,Zou,Let's Go and Meet Master Cat Viper!
766,MANGA CANON,2016-11-27,Zou,Luffy's Decision! Sanji on the Brink of Quitting!
767,MANGA CANON,2016-12-04,Zou,A Volatile Situation! The Dog and the Cat and the Samurai
768,MANGA CANON,2016-12-11,Zou,"The Third One! Raizo of the Mist
769,MANGA CANON,2016-12-18,Zou,A Red Stone! A Guide to the One Piece!
770,MANGA CANON,2016-12-25,Zou,The Secret of the Land of Wano! The Kozuki Family and the Poneglyphs!
771,MANGA CANON,2017-01-08,Zou,A Vow Between Two Men! Luffy and Kozuki Momonosuke!
772,MANGA CANON,2017-01-15,Zou,The Legendary Journey! The Dog and the Cat and the Pirate King!
773,MANGA CANON,2017-01-22,Zou,The Nightmare Returns! The Invincible Jack's Fierce Attack!
774,MANGA CANON,2017-01-29,Zou,A Battle to Defend Zou! Luffy and Zunesha!
775,MIXED,2017-02-05,Zou,Save Zunesha! The Straw Hat's Rescue Operation!
776,MANGA CANON,2017-02-12,Zou,Saying Goodbye and Descending From the Elephant! Setting Out to Take Back Sanji!
777,MIXED,2017-02-19,Zou,To the Reverie! Princess Vivi and Princess Shirahoshi!
778,MIXED,2017-02-26,Zou,To the Reverie! Rebecca and the Sakura Kingdom!
779,MANGA CANON,2017-03-05,Zou,Kaido Returns! An Imminent Threat to the Worst Generation!
780,FILLER,2017-03-19,Marine Rookie,A Hungry Front! Luffy and the Navy Rookies!
781,FILLER,2017-03-26,Marine Rookie,The Implacable Three! A Big Chase After the Straw Hats!
782,FILLER,2017-04-02,Marine Rookie,The Devil's Fist! A Show Down! Luffy vs. Grount!
783,MANGA CANON,2017-04-09,Whole Cake Island,Sanji's Homecoming! Into Big Mom's Territory!
784,MANGA CANON,2017-04-16,Whole Cake Island,Zero and Four! Encountering Germa 66!
785,MANGA CANON,2017-04-23,Whole Cake Island,A Deadly Poison Crisis! Luffy and Reiju!
786,MANGA CANON,2017-04-30,Whole Cake Island,Totto Land! Emperor Big Mom Appears!
787,MANGA CANON,2017-05-07,Whole Cake Island,The Emperor's Daughter! Sanji's Fiancée - Pudding!
788,MANGA CANON,2017-05-14,Whole Cake Island,A Massive Attack! Mom's Hunger Pangs!
789,MIXED,2017-05-21,Whole Cake Island,The Capital City Falls?! Big Mom and Jimbei
790,MANGA CANON,2017-05-28,Whole Cake Island,The Emperor's Castle! Arriving at the Whole Cake Island!
791,MANGA CANON,2017-06-04,Whole Cake Island,A Mysterious Forest Full of Candies! Luffy vs. Luffy?!
792,MANGA CANON,2017-06-11,Whole Cake Island,Mom's Assassin! Luffy and the Seducing Woods!
793,MANGA CANON,2017-06-18,Whole Cake Island,A Seafaring Kingdom! Germa's King Judge!
794,MANGA CANON,2017-06-25,Whole Cake Island,A Battle Between Father and Son! Judge vs. Sanji!
795,MANGA CANON,2017-07-02,Whole Cake Island,A Giant Ambition! Big Mom and Caesar!
796,MANGA CANON,2017-07-09,Whole Cake Island,The Land of Souls! Mom’s Fatal Ability!
797,MANGA CANON,2017-07-16,Whole Cake Island,A Top Officer! The Sweet 3 General Cracker Appears!
798,MANGA CANON,2017-07-23,Whole Cake Island,An Enemy Worth 800 Million! Luffy vs. Thousand Armed Cracker!
799,MANGA CANON,2017-07-30,Whole Cake Island,An All-Out Duel! Gear Four vs. the Bis-Bis Ability!
800,MANGA CANON,2017-08-06,Whole Cake Island,The First and the Second Join! The Vinsmoke Family
801,MANGA CANON,2017-08-13,Whole Cake Island,The Benefactor's Life! Sanji and Owner Zeff!
802,MANGA CANON,2017-08-20,Whole Cake Island,An Angry Sanji! The Secret of Germa 66!
803,MIXED,2017-08-27,Whole Cake Island,The Past That He Let Go Of! Vinsmoke Sanji!
804,MANGA CANON,2017-09-03,Whole Cake Island,To the East Blue! Sanji's Resolute Departure!
805,MANGA CANON,2017-09-17,Whole Cake Island,A Battle of Limits! Luffy and the Infinite Biscuits!
806,MANGA CANON,2017-09-24,Whole Cake Island,The Power of Satiety! A New Gear Four Form - Tank Man!
807,MIXED,2017-10-01,Whole Cake Island,A Heartbreaking Duel! Luffy vs. Sanji! - Part 1
808,MANGA CANON,2017-10-01,Whole Cake Island,A Heartbreaking Duel! Luffy vs. Sanji! - Part 2
809,MANGA CANON,2017-10-15,Whole Cake Island,A Storm of Revenge! An Enraged Army Comes to Attack!
810,MANGA CANON,2017-10-22,Whole Cake Island,The End of the Adventure! Sanji's Resolute Proposal!
811,MANGA CANON,2017-10-29,Whole Cake Island,I'll Wait Here! Luffy vs. the Enraged Army!
812,MANGA CANON,2017-11-05,Whole Cake Island,Invading the Chateau! Reach the Road Ponegliff!
813,MANGA CANON,2017-11-12,Whole Cake Island,A Fateful Confrontation! Luffy and Big Mom!
814,MANGA CANON,2017-11-19,Whole Cake Island,Shout of the Soul! Brook and Pedro's Lightning Operation!
815,MANGA CANON,2017-11-26,Whole Cake Island,Goodbye! Pudding's Tearful Determination!
816,MANGA CANON,2017-12-03,Whole Cake Island,The History of the Left Eye! Pedro vs. Baron Tamago!
817,MANGA CANON,2017-12-10,Whole Cake Island,Moist Cigarette! The Night Before Sanji's Wedding!
818,MANGA CANON,2017-12-17,Whole Cake Island,The Undaunted Soul! Brook vs. Big Mom!
819,MANGA CANON,2017-12-24,Whole Cake Island,Sora's Wish! Germa's Failure - Sanji!
820,MANGA CANON,2018-01-07,Whole Cake Island,To Reach Sanji! Luffy's Vengeful Hell-Bent Dash!
821,MANGA CANON,2018-01-14,Whole Cake Island,"The Chateau in Turmoil! Luffy
822,MANGA CANON,2018-01-21,Whole Cake Island,Deciding to Say Goodbye! Sanji and His Straw Hat Bento!
823,MANGA CANON,2018-01-28,Whole Cake Island,The Emperor Rolls Over! Rescue Brook Mission!
824,MANGA CANON,2018-02-04,Whole Cake Island,"The Rendezvous! Luffy
825,MANGA CANON,2018-02-11,Whole Cake Island,A Liar! Luffy and Sanji!!
826,MANGA CANON,2018-02-18,Whole Cake Island,Sanji Comes Back! Crash! The Tea Party From Hell!
827,MANGA CANON,2018-03-04,Whole Cake Island,A Secret Meeting! Luffy vs. the Fire Tank Pirates!
828,MANGA CANON,2018-03-18,Whole Cake Island,The Deadly Pact! Luffy & Bege's Allied Forces!
829,MANGA CANON,2018-03-25,Whole Cake Island,Luffy Engages in a Secret Maneuver! The Wedding Full of Conspiracies Starts Soon!
830,MANGA CANON,2018-04-01,Whole Cake Island,The Family Gets Together! The Hellish Tea Party Starts!
831,MANGA CANON,2018-04-08,Whole Cake Island,The Broken Couple! Sanji and Pudding Enter!
832,MANGA CANON,2018-04-15,Whole Cake Island,A Deadly Kiss! The Mission to Assassinate the Emperor Kicks Off!
833,MANGA CANON,2018-04-22,Whole Cake Island,Returning the Sake Cup! The Manly Jimbei Pays His Debt!
834,MANGA CANON,2018-04-29,Whole Cake Island,The Mission Failed?! The Big Mom Pirates Strike Back!
835,MANGA CANON,2018-05-06,Whole Cake Island,"Run
836,MANGA CANON,2018-05-13,Whole Cake Island,Mom's Secret! The Giant's Island Elbaph and a Little Monster!
837,MANGA CANON,2018-05-20,Whole Cake Island,The Birth of Mom! The Day That Carmel Vanished!
838,MANGA CANON,2018-05-27,Whole Cake Island,The Launcher Blasts! The Moment of Big Mom's Assassination!
839,MANGA CANON,2018-06-03,Whole Cake Island,The Evil Army! Transform! Germa 66!
840,MANGA CANON,2018-06-10,Whole Cake Island,Cutting the Father-Son Relationship! Sanji and Judge!
841,MANGA CANON,2018-06-17,Whole Cake Island,Escape From the Tea Party! Luffy vs. Big Mom!
842,MANGA CANON,2018-06-24,Whole Cake Island,The Execution Begins! Luffy's Allied Forces Are Annihilated?!
843,MANGA CANON,2018-07-01,Whole Cake Island,The Chateau Collapses! The Straw Hat's Great Escape Begins!
844,MANGA CANON,2018-07-08,Whole Cake Island,The Spear of Elbaph! Onslaught! The Flying Big Mom!
845,MANGA CANON,2018-07-15,Whole Cake Island,Pudding's Determination! Ablaze! The Seducing Woods!
846,MANGA CANON,2018-07-22,Whole Cake Island,A Lightning Counterattack! Nami and Zeus the Thundercloud!
847,MANGA CANON,2018-07-29,Whole Cake Island,A Coincidental Reunion! Sanji and the Lovestruck Evil Pudding!
848,MANGA CANON,2018-08-05,Whole Cake Island,Save the Sunny! Fighting Bravely! Chopper and Brook!
849,MANGA CANON,2018-08-12,Whole Cake Island,"Before the Dawn! Pedro
850,MANGA CANON,2018-08-19,Whole Cake Island,"I'll Be Back! Luffy
851,MANGA CANON,2018-08-26,Whole Cake Island,"The Man With a Bounty of Billion! The Strongest Sweet General
852,MANGA CANON,2018-09-02,Whole Cake Island,A Hard Battle Starts! Luffy vs. Katakuri!
853,MANGA CANON,2018-09-16,Whole Cake Island,"The Green Room! An Invincible Helmsman
854,MANGA CANON,2018-09-23,Whole Cake Island,The Threat of the Mole! Luffy's Silent Fight!
855,MANGA CANON,2018-09-30,Whole Cake Island,The End of the Deadly Battle?! Katakuri's Awakening in Anger!
856,MANGA CANON,2018-10-07,Whole Cake Island,The Forbidden Secret! Katakuri's Merienda!
857,MANGA CANON,2018-10-14,Whole Cake Island,Luffy Fights Back! The Invincible Katakuri's Weak Point!
858,MANGA CANON,2018-10-21,Whole Cake Island,Another Crisis! Gear Four vs. Unstoppable Donuts!
859,MANGA CANON,2018-10-28,Whole Cake Island,"The Rebellious Daughter
860,MANGA CANON,2018-11-04,Whole Cake Island,A Man's Way of Life! Bege and Luffy's Determination as Captains!
861,MANGA CANON,2018-11-11,Whole Cake Island,The Cake Sank!? Sanji and Bege's Getaway Battle
862,MANGA CANON,2018-11-18,Whole Cake Island,Sulong - Carrot's Big Mystic Transformation
863,MANGA CANON,2018-11-25,Whole Cake Island,Break Through - The Straw Hats' Mighty Sea Battle!
864,MANGA CANON,2018-12-09,Whole Cake Island,"Finally
865,MANGA CANON,2018-12-16,Whole Cake Island,Dark King's Direct Precepts - The Battle Against Katakuri Turns Around
866,MANGA CANON,2018-12-23,Whole Cake Island,"Finally He Returns - Sanji
867,MANGA CANON,2019-01-06,Whole Cake Island,Lurking in the Darkness - An Assassin Targetting Luffy!
868,MANGA CANON,2019-01-13,Whole Cake Island,One Man's Determination - Katakuri's Deadly Big Fight
869,MANGA CANON,2019-01-20,Whole Cake Island,Wake Up - Kenbunshoku Able to Top The Strongest!
870,MANGA CANON,2019-01-27,Whole Cake Island,A Fist of Divine Speed - Another Gear Fourth Application Activated!
871,MANGA CANON,2019-02-03,Whole Cake Island,"Finally
872,MANGA CANON,2019-02-10,Whole Cake Island,A Desperate Situation - The Iron-Tight Entrapment of Luffy!
873,MANGA CANON,2019-02-17,Whole Cake Island,Pulling Back from the Brink - The Formidable Reinforcements Germa!
874,MANGA CANON,2019-02-24,Whole Cake Island,The Last Hope - The Sun Pirates Emerge
875,MANGA CANON,2019-03-03,Whole Cake Island,A Captivating Flavor - Sanji's Cake of Happiness
876,MANGA CANON,2019-03-17,Whole Cake Island,"The Man of Humanity and Justice - Jinbe
877,MANGA CANON,2019-03-24,Whole Cake Island,The Parting Time - Pudding's Last Wish
878,MIXED,2019-03-31,Reverie,The World is Stunned - The Fifth Yonko Emerges!
879,MIXED,2019-04-07,Reverie,To the Reverie - The Straw Hats' Sworn Allies Come Together
880,MANGA CANON,2019-04-14,Reverie,Sabo Goes into Action - All the Captains of the Revolutionary Army Appear!
881,MIXED,2019-04-21,Reverie,Going into Action - The Implacable New Fleet Admiral Sakazuki
882,MIXED,2019-04-28,Reverie,The Paramount War - The Inherited Will of the King of the Pirates
883,MIXED,2019-05-05,Reverie,One Step Foward for Her Dream - Shirahoshi Goes Out in the Sun!
884,MIXED,2019-05-12,Reverie,I Miss Him - Vivi and Rebecca's Sentiments
885,MIXED,2019-05-19,Reverie,In the Dark Recesses of the Holyland - A Mysterious Giant Straw Hat
886,MANGA CANON,2019-05-26,Reverie,The Holyland in Tumult - The Targeted Princess Shirahoshi!
887,MIXED,2019-06-02,Reverie,An Explosive Situation - Two Yonko Going After Luffy
888,MIXED,2019-06-09,Reverie,Sabo Enraged - The Tragedy of the Revolutionary Army Officer Kuma
889,MIXED,2019-06-16,Reverie,"Finally
890,MIXED,2019-06-23,Land of Wano Arc Act 1,Marco! The Keeper of Whitebeard's Last Memento
891,MANGA CANON,2019-06-30,Land of Wano Arc Act 1,Climbing Up a Waterfall! A Great Journey Through the Land of Wano's Sea Zone!
892,MANGA CANON,2019-07-07,Land of Wano Arc Act 1,The Land of Wano! To the Samurai Country where Cherry Blossoms Flutter!
893,MANGA CANON,2019-07-14,Land of Wano Arc Act 1,Otama Appears! Luffy vs. Kaido's Army!
894,MANGA CANON,2019-07-21,Land of Wano Arc Act 1,He'll Come! The Legend of Ace in the Land of Wano!
895,FILLER,2019-07-28,Carbonic King,"Side Story! The World's Greatest Bounty Hunter
896,FILLER,2019-08-04,Carbonic King,Side Story! Clash! Luffy vs. the King of Carbonation!
897,MANGA CANON,2019-08-11,Land of Wano Arc Act 2,"Save Otama! Straw Hat
898,MANGA CANON,2019-08-18,Land of Wano Arc Act 2,The Headliner! Hawkins the Magician Appears!
899,MANGA CANON,2019-08-25,Land of Wano Arc Act 2,Defeat is Inevitable! The Strawman's Fierce Attack!
900,MANGA CANON,2019-09-01,Land of Wano Arc Act 2,The Greatest Day of My Life! Otama and her Sweet Red-bean Soup!
901,MANGA CANON,2019-09-08,Land of Wano Arc Act 2,Charging into the Enemy's Territory! Bakura Town - Where Officials Thrive!
902,MANGA CANON,2019-09-15,Land of Wano Arc Act 2,The Yokozuna Appears! The Invincible Urashima Goes After Okiku!
903,MANGA CANON,2019-09-22,Land of Wano Arc Act 2,A Climatic Sumo Battle! Straw Hat vs. the Strongest Ever Yokozuna!
904,MANGA CANON,2019-09-29,Land of Wano Arc Act 2,Luffy Rages! Rescue Otama from Danger!
905,MANGA CANON,2019-10-06,Land of Wano Arc Act 2,Taking Back Otama! A Fierce Fight Against Holdem!
906,MANGA CANON,2019-10-13,Land of Wano Arc Act 2,Duel! The Magician and the Surgeon of Death!
907,FILLER,2019-10-20,Romance Dawn,Romance Dawn
908,MANGA CANON,2019-10-27,Land of Wano Arc Act 3,The Coming of the Treasure Ship! Luffytaro Returns the Favor!
909,MANGA CANON,2019-11-10,Land of Wano Arc Act 3,Mysterious Grave Markers! A Reunion at the Ruins of Oden Castle!
910,MANGA CANON,2019-11-17,Land of Wano Arc Act 3,A Legendary Samurai! The Man Who Roger Admired!
911,MANGA CANON,2019-11-24,Land of Wano Arc Act 3,Bringing Down the Emperor of the Sea! A Secret Raid Operation Begins!
912,MANGA CANON,2019-12-01,Land of Wano Arc Act 3,"The Strongest Man in the World! Shutenmaru
913,MANGA CANON,2019-12-08,Land of Wano Arc Act 3,Everyone is Annihilated! Kaido's Furious Blast Breath!
914,MANGA CANON,2019-12-15,Land of Wano Arc Act 3,Finally Clashing! The Ferocious Luffy vs. Kaido!
915,MANGA CANON,2019-12-22,Land of Wano Arc Act 3,"Destructive! One Shot
916,MANGA CANON,2020-01-05,Land of Wano Arc Act 3,"A Living Hell! Luffy
917,MANGA CANON,2020-01-12,Land of Wano Arc Act 3,The Holyland in Tumult! Emperor of the Sea Blackbeard Cackles!
918,MANGA CANON,2020-01-19,Land of Wano Arc Act 3,It's On! The Special Operation to Bring Down Kaido!
919,MANGA CANON,2020-01-26,Land of Wano Arc Act 3,Rampage! The Prisoners - Luffy and Kid!
920,MANGA CANON,2020-02-02,Land of Wano Arc Act 3,A Great Sensation! Sanji's Special Soba!
921,MANGA CANON,2020-02-09,Land of Wano Arc Act 3,Luxurious and Gorgeous! Wano's Most Beautiful Woman - Komurasaki!
922,MANGA CANON,2020-02-16,Land of Wano Arc Act 3,A Tale of Chivalry! Zoro and Tonoyasu's Little Trip!
923,MANGA CANON,2020-02-23,Land of Wano Arc Act 3,A State of Emergency! Big Mom Closes In!
924,MIXED,2020-03-15,Land of Wano Arc Act 3,The Capital in an Uproar! Another Assassin Targets Sanji!
925,MANGA CANON,2020-03-22,Land of Wano Arc Act 3,Dashing! The Righteous Soba Mask!
926,MANGA CANON,2020-03-29,Land of Wano Arc Act 3,A Desperate Situation! Orochi's Menacing Oniwabanshu!
927,MANGA CANON,2020-04-05,Land of Wano Arc Act 3,"Pandemonium! The Monster Snake
928,MANGA CANON,2020-04-12,Land of Wano Arc Act 3,The Flower Falls! The Final Moment of the Most Beautiful Woman in the Land of Wano!
929,MANGA CANON,2020-04-19,Land of Wano Arc Act 3,The Bond Between Prisoners! Luffy and Old Man Hyo!
930,MANGA CANON,2020-06-28,Land of Wano Arc Act 3,A Lead Performer! Queen the Plague Emerges!
931,MANGA CANON,2020-07-05,Land of Wano Arc Act 3,Climb Up! Luffy's Desperate Escape!
932,MANGA CANON,2020-07-12,Land of Wano Arc Act 3,Dead or Alive! Queen's Sumo Inferno!
933,MANGA CANON,2020-07-19,Land of Wano Arc Act 3,Gyukimaru! Zoro Fights a Duel on Bandit's Bridge
934,MANGA CANON,2020-07-26,Land of Wano Arc Act 3,A Big Turnover! The Three-Sword Style Overcomes Danger!
935,MANGA CANON,2020-08-02,Land of Wano Arc Act 3,"Zoro
936,MANGA CANON,2020-08-09,Land of Wano Arc Act 3,Get the Hang of It! The Land of Wano's Haki - Ryuo!
937,MANGA CANON,2020-08-16,Land of Wano Arc Act 3,Tonoyasu! Ebisu Town's Most Loved!
938,MANGA CANON,2020-08-23,Land of Wano Arc Act 3,Shaking the Nation! The Identity of Ushimitsu Kozo The Chivalrous Thief!
939,MANGA CANON,2020-08-30,Land of Wano Arc Act 3,The Straw Hats Run! Save the Captive Tonoyasu!
940,MANGA CANON,2020-09-06,Land of Wano Arc Act 3,Zoro's Fury! The Truth About the Smile!
941,MANGA CANON,2020-09-13,Land of Wano Arc Act 3,Toko's Tears! Orochi's Painful Bullets!
942,MANGA CANON,2020-09-20,Land of Wano Arc Act 3,The Straw Hats Step In! An Uproarious Deadly Battle at the Execution Ground!
943,MANGA CANON,2020-09-27,Land of Wano Arc Act 3,Luffy's Determination! Win Through the Sumo Inferno!
944,MANGA CANON,2020-10-04,Land of Wano Arc Act 3,The Storm Has Come! A Raging Big Mom!
945,MANGA CANON,2020-10-11,Land of Wano Arc Act 3,A Grudge Over Red-bean Soup! Luffy Gets into a Desperate Situation!
946,MANGA CANON,2020-10-18,Land of Wano Arc Act 3,Stop the Emperor of the Sea! Queen's Secret Plan!
947,MANGA CANON,2020-10-25,Land of Wano Arc Act 3,Brutal Ammunition! The Plague Rounds Aim at Luffy!
948,MANGA CANON,2020-11-01,Land of Wano Arc Act 3,Start Fighting Back! Luffy and the Akazaya Samurai!
949,MANGA CANON,2020-11-08,Land of Wano Arc Act 3,We're Here to Win! Luffy's Desperate Scream!
950,MANGA CANON,2020-11-15,Land of Wano Arc Act 3,Warriors' Dream! Luffy's conquer of Udon!
951,MANGA CANON,2020-11-22,Land of Wano Arc Act 3,Orochi's Hunting Party! The Ninja Group vs. Zoro!
952,MANGA CANON,2020-11-29,Land of Wano Arc Act 3,Tension Rises in Onigashima! Two Emperors of the Sea Meet?!
953,MANGA CANON,2020-12-06,Land of Wano Arc Act 3,Hiyori's Confession! A Reunion at Bandit's Bridge!
954,MANGA CANON,2020-12-13,Land of Wano Arc Act 3,Its name is Enma! Oden's Great Swords!
955,MANGA CANON,2020-12-20,Land of Wano Arc Act 3,A New Alliance?! Kaido's Army Gathers!
956,MANGA CANON,2020-12-27,Land of Wano Arc Act 3,Trickling Down the Great Battle! The Straw Hats Go into Combat Mode!
957,MANGA CANON,2021-01-10,Land of Wano Arc Act 3,Big News! An Incident That Will Affect The Seven Warlords!
958,MANGA CANON,2021-01-17,Land of Wano Arc Act 3,A Legendary Battle! Garp and Roger!
959,MANGA CANON,2021-01-24,Land of Wano Arc Act 3,The Rendezvous Port! The Land of Wano Act Three Begins!
960,MANGA CANON,2021-01-31,Land of Wano Arc Act 3,The Number-One Samurai in the Land of Wano! Here Comes Kozuki Oden!
961,MANGA CANON,2021-02-07,Land of Wano Arc Act 3,Tearfully Swearing Allegiance! Oden and Kin'emon!
962,MANGA CANON,2021-02-14,Land of Wano Arc Act 3,Changing Destiny! The Whitebeard Pirates Cast Ashore!
963,MANGA CANON,2021-02-21,Land of Wano Arc Act 3,Oden's Determination! Whitebeard's Test!
964,MANGA CANON,2021-02-28,Land of Wano Arc Act 3,Whitebeard's Little Brother! Oden's Great Adventure!
965,MANGA CANON,2021-03-07,Land of Wano Arc Act 3,Crossing Swords! Roger and Whitebeard!
966,MANGA CANON,2021-03-21,Land of Wano Arc Act 3,Roger's Wish! A New Journey!
967,MANGA CANON,2021-03-28,Land of Wano Arc Act 3,Devoting His Life! Roger's Adventure!
968,MANGA CANON,2021-04-04,Land of Wano Arc Act 3,The King of the Pirates is Born! Arriving at the Last Island!
969,MANGA CANON,2021-04-11,Land of Wano Arc Act 3,To the Land of Wano! The Roger Pirates Disband!
970,MANGA CANON,2021-04-18,Land of Wano Arc Act 3,Sad News! The Opening of the Great Pirate Era!
971,MANGA CANON,2021-04-25,Land of Wano Arc Act 3,Raid! Oden and the Akazaya Nine!
972,MANGA CANON,2021-05-02,Land of Wano Arc Act 3,The End of the Battle! Oden vs. Kaido!
973,MANGA CANON,2021-05-09,Land of Wano Arc Act 3,Boil to Death! Oden's One-hour Struggle!
974,MANGA CANON,2021-05-16,Land of Wano Arc Act 3,Oden Wouldn't Be Oden If It Wasn't Boiled!
975,MANGA CANON,2021-05-23,Land of Wano Arc Act 3,The Castle on Fire! The Fate of the Kozuki Clan!
976,MANGA CANON,2021-05-30,Land of Wano Arc Act 3,Back to the Present Day! 20 Years Later!
977,MANGA CANON,2021-06-06,Land of Wano Arc Act 3,The Sea Is For Pirates! Raid! To Onigashima!
978,MANGA CANON,2021-06-13,Land of Wano Arc Act 3,The Worst Generation Charges in! The Battle of the Stormy Sea!
979,MANGA CANON,2021-06-20,Land of Wano Arc Act 3,Good Luck?! Leader Kin'emon's Plot!
980,MANGA CANON,2021-06-27,Land of Wano Arc Act 3,A Tearful Promise! The Kidnapped Momonosuke!
981,MANGA CANON,2021-07-04,Land of Wano Arc Act 3,A New Member! 'First Son of the Sea’ Jimbei!
982,MANGA CANON,2021-07-11,Land of Wano Arc Act 3,Kaido’s Trump Card! The Tobi Roppo Appear!
983,MANGA CANON,2021-07-18,Land of Wano Arc Act 3,The Samurai Warriors’ Earnestness! The Straw Hats Land at Onigashima!
984,MANGA CANON,2021-07-25,Land of Wano Arc Act 3,Luffy Goes Out of Control?! Sneaking into Kaido's Banquet!
985,MIXED,2021-08-01,Land of Wano Arc Act 3,Thinking of Otama! Luffy's Furious Strike!
986,MANGA CANON,2021-08-08,Land of Wano Arc Act 3,Fighting Music! An Ability That Harms Luffy!
987,MANGA CANON,2021-08-15,Land of Wano Arc Act 3,His Dream Broken?! The Trap That Lures Sanji!
988,MANGA CANON,2021-08-22,Land of Wano Arc Act 3,Reinforcements Arrive! The Commander of the Whitebeard Pirates!
989,MANGA CANON,2021-08-29,Land of Wano Arc Act 3,The Pact Between Men! The Fierce Fighting of Brachio Tank!
990,MIXED,2021-09-05,Land of Wano Arc Act 3,Thunder Bagua! Here Comes Kaido's Son!
991,MANGA CANON,2021-09-12,Land of Wano Arc Act 3,Enemy or Ally? Luffy and Yamato!
992,MIXED,2021-09-19,Land of Wano Arc Act 3,Desire to be Oden! Yamato's Dream!
993,MIXED,2021-09-26,Land of Wano Arc Act 3,Explosive?! The Handcuffs that Shackle Yamato's Freedom!
994,MANGA CANON,2021-10-03,Land of Wano Arc Act 3,The Akazaya Face-off! Kikunojo vs. Kanjuro!
995,MANGA CANON,2021-10-10,Land of Wano Arc Act 3,Raid! Inheriting Oden's Will
996,MANGA CANON,2021-10-24,Land of Wano Arc Act 3,Onigashima in Tumult! Luffy's All-Out War Begins!
997,MANGA CANON,2021-10-31,Land of Wano Arc Act 3,"The Battle Under the Moon! The Berserker
998,MANGA CANON,2021-11-07,Land of Wano Arc Act 3,Zeus' Treason?! The Cornered Nami!
999,MANGA CANON,2021-11-14,Land of Wano Arc Act 3,I'll Protect You! Yamato Meets Momonosuke!
1000,MANGA CANON,2021-11-21,Land of Wano Arc Act 3,Overwhelming Strength! The Straw Hats Come Together!
1001,MANGA CANON,2021-11-28,Land of Wano Arc Act 3,A Risky Invitation! A Plot to Eliminate Queen!
1002,MANGA CANON,2021-12-05,Land of Wano Arc Act 3,A New Rivalry! Nami and Ulti!
1003,MANGA CANON,2021-12-12,Land of Wano Arc Act 3,"A Heroic Blade! Akazaya vs. Kaido
1004,MANGA CANON,2021-12-19,Land of Wano Arc Act 3,An Inherited Technique! Unleashing Oden's Secret Swordplay!
1005,MANGA CANON,2022-01-09,Land of Wano Arc Act 3,The Power of the Ice Oni! A New Version of the Plague Rounds!
1006,MANGA CANON,2022-01-16,Land of Wano Arc Act 3,I Won't Forgive Him! Chopper's Determination!
1007,MANGA CANON,2022-01-23,Land of Wano Arc Act 3,I Won't Forgive You! Chopper's Determination! Zoro's Pursuit!
1008,MANGA CANON,2022-01-30,Land of Wano Arc Act 3,Nami's Surrender! Ulti's Wild Headbutt!
1009,MANGA CANON,2022-02-06,Land of Wano Arc Act 3,Sasaki's Fierce Attack! Armored Division vs. Yamato!
1010,MANGA CANON,2022-02-13,Land of Wano Arc Act 3,Eliminate the Ice Oni! Chopper's Fire Trick!
1011,MANGA CANON,2022-02-20,Land of Wano Arc Act 3,It's Not Okay! The Spider Lures Sanji!
1012,MANGA CANON,2022-02-27,Land of Wano Arc Act 3,A Turnaround Move! The Flames of Marco the Phoenix!
1013,MANGA CANON,2022-03-06,Land of Wano Arc Act 3,Yamato's Past! The Man Who Came for an Emperor of the Sea!
1014,MANGA CANON,2022-04-17,Land of Wano Arc Act 3,Marco's Tears! The Bond of the Whitebeard Pirates!
1015,MANGA CANON,2022-04-24,Land of Wano Arc Act 3,Straw Hat Luffy! The Man Who Will Become the King of the Pirates!
1016,MANGA CANON,2022-05-08,Land of Wano Arc Act 3,The Battle of the Monsters! The Three Stubborn Captains!
1017,MANGA CANON,2022-05-15,Land of Wano Arc Act 3,A Barrage of Powerful Techniques! The Fierce Attacks of the Worst Generation!
1018,MANGA CANON,2022-05-22,Land of Wano Arc Act 3,Kaido Laughs! The Emperors of the Sea vs. New Generation!
1019,MANGA CANON,2022-05-29,Land of Wano Arc Act 3,Otama's Secret Plan! Operation Kibi Dango!
1020,MANGA CANON,2022-06-05,Land of Wano Arc Act 3,Sanji's Scream! An SOS Echoes Over the Island!
1021,MANGA CANON,2022-06-12,Land of Wano Arc Act 3,Spank Strikes! Sanji's Woman-trouble!
1022,MANGA CANON,2022-06-19,Land of Wano Arc Act 3,"No Regrets! Luffy and Boss
1023,MANGA CANON,2022-07-03,Land of Wano Arc Act 3,All Set! Chopperhage Nebulizer!
1024,MANGA CANON,2022-07-10,Land of Wano Arc Act 3,Oden Appears! The Confused Hearts of the Akazaya Members!
1025,MANGA CANON,2022-07-17,Land of Wano Arc Act 3,The Worst Generation Gets Wiped Out?! The Emperors' Deadly Attack!
1026,MANGA CANON,2022-07-24,Land of Wano Arc Act 3,The Supernovas Strike Back! The Mission to Tear Apart the Four Emperors!
1027,MANGA CANON,2022-07-31,Land of Wano Arc Act 3,Defend Luffy! Zoro and Law's Sword Technique!
1028,MANGA CANON,2022-08-07,Land of Wano Arc Act 3,Surpass the Emperor of the Sea! Luffy Strikes Back with an Iron Fist!
1029,FILLER,2022-08-14,Uta's Past Arc,A Faint Memory! Luffy and Red-Haired's Daughter Uta!
1030,FILLER,2022-08-21,Uta's Past Arc,A Pledge for the New Genesis! Luffy and Uta!
1031,MANGA CANON,2022-09-04,Land of Wano Arc Act 3,Nami Screams! A Deadly Death Race!
1032,MANGA CANON,2022-09-11,Land of Wano Arc Act 3,The Dawn of the Land of Wano - The All-Out Battle Heats Up!
1033,MANGA CANON,2022-09-18,Land of Wano Arc Act 3,"The Conclusion! Luffy
1034,MANGA CANON,2022-09-25,Land of Wano Arc Act 3,Luffy Defeated! The Straw Hats in Jeopardy?!
1035,MANGA CANON,2022-10-02,Land of Wano Arc Act 3,The Animal Kingdom Pirates Trample Down! The End of the Kozuki Clan!
1036,MANGA CANON,2022-10-16,Land of Wano Arc Act 3,Fight Against the Dark Night! The Commander-in-Chief of the Land of Wano Sounds Off!
1037,MANGA CANON,2022-10-23,Land of Wano Arc Act 3,Believe in Luffy! The Alliance's Counterattack Begins!
1038,MANGA CANON,2022-10-30,Land of Wano Arc Act 3,Nami's Lethal Attack! Otama's Desperate Challenge!
1039,MANGA CANON,2022-11-06,Land of Wano Arc Act 3,A Dramatic Increase of Allies! Straw Hats Fight Back!
1040,MANGA CANON,2022-11-13,Land of Wano Arc Act 3,The Pride of a Helmsman? The Enraged Jinbei!
1041,MANGA CANON,2022-11-20,Land of Wano Arc Act 3,Showdown Battles of the Monsters! Yamato and Franky
1042,MANGA CANON,2022-11-27,Land of Wano Arc Act 3,The Predator's Trap - Black Maria's Temptation
1043,MANGA CANON,2022-12-04,Land of Wano Arc Act 3,Slash the Nightmare - Brook Draws His Freezing Sword!
1044,MANGA CANON,2022-12-11,Land of Wano Arc Act 3,"Clutch! A Demon Incarnate
1045,MANGA CANON,2022-12-18,Land of Wano Arc Act 3,A Spell! Kid and Zoro Facing Threats!
1046,MANGA CANON,2023-01-08,Land of Wano Arc Act 3,A High-Stakes Battle! Both Wings Take the Field!
1047,MANGA CANON,2023-01-15,Land of Wano Arc Act 3,Ascend to the Dawn! A Pink Dragon Gets Agitated
1048,MANGA CANON,2023-01-22,Land of Wano Arc Act 3,For the Future! Yamato and the Great Swordsmen's Pledge
1049,MANGA CANON,2023-01-29,Land of Wano Arc Act 3,Luffy Soars! Revenge Against the King of the Beasts
1050,MANGA CANON,2023-02-05,Land of Wano Arc Act 3,Two Dragons Face Off! Momonosuke's Determination!
1051,MANGA CANON,2023-02-12,Land of Wano Arc Act 3,A Legend All Over Again! Luffy's Fist Roars in the Sky!
1052,MANGA CANON,2023-02-19,Land of Wano Arc Act 3,The Situation Has Grown Tense! The End of Onigashima!
1053,MANGA CANON,2023-02-25,Land of Wano Arc Act 3,Sanji's Mutation? The Two Arms in Crisis!
1055,MANGA CANON,2023-03-26,Land of Wano Arc Act 3,A Shadowy Figure Pulls the Strings! Onigashima in Flames
1056,MANGA CANON,2023-04-02,Land of Wano Arc Act 3,A Countercharge! Law and Kid's Return-Attack Combination
1057,MANGA CANON,2023-04-09,Land of Wano Arc Act 3,For Luffy? Sanji and Zoro's Oath
1058,MANGA CANON,2023-04-16,Land of Wano Arc Act 3,The Onslaught of Kazenbo - Orochi's Evil Clutches Close in
1059,MANGA CANON,2023-04-23,Land of Wano Arc Act 3,Zoro Faces Adversity - A Monster! King the Wildfire
1060,MANGA CANON,2023-04-30,Land of Wano Arc Act 3,The Secret of Enma! The Cursed Sword Entrusted to Zoro
1061,MANGA CANON,2023-05-07,Land of Wano Arc Act 3,The Strike of an Ifrit! Sanji vs. Queen
1062,MANGA CANON,2023-05-21,Land of Wano Arc Act 3,The Three-Sword Style of the Supreme King! Zoro vs. King
1063,MANGA CANON,2023-05-28,Land of Wano Arc Act 3,Luffy is on the Move! A Turning Point to a New Era!
1064,MANGA CANON,2023-06-04,Land of Wano Arc Act 3,Drunken Dragon Bagua! The Lawless Dragon Closing in on Luffy
1065,Manga Canon,2023-06-11,Land of Wano Arc Act 4,"The Destruction of the Alliance?! Fire up
1066,Manga Canon,2023-06-25,Land of Wano Arc Act 5,The Main Attraction is Coming! Ultimate Attack of Shockwave and Magnetism
1067,Manga Canon,2023-07-02,Land of Wano Arc Act 6,Towards A New Era! Conclusion! The Brats' Resolution
1068,Manga Canon,2023-07-09,Land of Wano Arc Act 7,Moon Princess Echoes! Wano Country's Final Phase!
1069,MANGA CANON,2023-07-16,Land of Wano Arc Act 7,There is Only One Winner - Luffy vs. Kaido
1070,MANGA CANON,2023-07-30,Land of Wano Arc Act 7,Luffy is Defeated?! The Determination of those Left Behind!
